file,line,type,commit,author,date,time,timezone,datetime,depth,length
style.css,1,css,3a630bed,yaqubmir3,2026-04-16,19:17:14,-07:00,2026-04-16T19:17:14-07:00,0,38
style.css,2,css,3a630bed,yaqubmir3,2026-04-16,19:17:14,-07:00,2026-04-16T19:17:14-07:00,0,4
style.css,3,css,3a630bed,yaqubmir3,2026-04-16,19:17:14,-07:00,2026-04-16T19:17:14-07:00,1,23
style.css,4,css,3a630bed,yaqubmir3,2026-04-16,19:17:14,-07:00,2026-04-16T19:17:14-07:00,0,0
style.css,5,css,3a630bed,yaqubmir3,2026-04-16,19:17:14,-07:00,2026-04-16T19:17:14-07:00,0,0
style.css,6,css,3a630bed,yaqubmir3,2026-04-16,19:17:14,-07:00,2026-04-16T19:17:14-07:00,0,49
style.css,7,css,3a630bed,yaqubmir3,2026-04-16,19:17:14,-07:00,2026-04-16T19:17:14-07:00,0,3
style.css,8,css,3a630bed,yaqubmir3,2026-04-16,19:17:14,-07:00,2026-04-16T19:17:14-07:00,1,39
style.css,9,css,3a630bed,yaqubmir3,2026-04-16,19:17:14,-07:00,2026-04-16T19:17:14-07:00,1,43
style.css,10,css,3a630bed,yaqubmir3,2026-04-16,19:17:14,-07:00,2026-04-16T19:17:14-07:00,1,12
style.css,11,css,3a630bed,yaqubmir3,2026-04-16,19:17:14,-07:00,2026-04-16T19:17:14-07:00,1,17
style.css,12,css,3a630bed,yaqubmir3,2026-04-16,19:17:14,-07:00,2026-04-16T19:17:14-07:00,1,71
style.css,13,css,3a630bed,yaqubmir3,2026-04-16,19:17:14,-07:00,2026-04-16T19:17:14-07:00,0,0
style.css,14,css,3a630bed,yaqubmir3,2026-04-16,19:17:14,-07:00,2026-04-16T19:17:14-07:00,0,0
style.css,15,css,3a630bed,yaqubmir3,2026-04-16,19:17:14,-07:00,2026-04-16T19:17:14-07:00,0,5
style.css,16,css,3a630bed,yaqubmir3,2026-04-16,19:17:14,-07:00,2026-04-16T19:17:14-07:00,1,13
style.css,17,css,3a630bed,yaqubmir3,2026-04-16,19:17:14,-07:00,2026-04-16T19:17:14-07:00,1,17
style.css,18,css,3a630bed,yaqubmir3,2026-04-16,19:17:14,-07:00,2026-04-16T19:17:14-07:00,1,13
style.css,19,css,3a630bed,yaqubmir3,2026-04-16,19:17:14,-07:00,2026-04-16T19:17:14-07:00,1,20
style.css,20,css,3a630bed,yaqubmir3,2026-04-16,19:17:14,-07:00,2026-04-16T19:17:14-07:00,1,55
style.css,21,css,3a630bed,yaqubmir3,2026-04-16,19:17:14,-07:00,2026-04-16T19:17:14-07:00,0,0
style.css,22,css,3a630bed,yaqubmir3,2026-04-16,19:17:14,-07:00,2026-04-16T19:17:14-07:00,0,0
style.css,23,css,3a630bed,yaqubmir3,2026-04-16,19:17:14,-07:00,2026-04-16T19:17:14-07:00,0,45
style.css,24,css,3a630bed,yaqubmir3,2026-04-16,19:17:14,-07:00,2026-04-16T19:17:14-07:00,0,11
style.css,25,css,3a630bed,yaqubmir3,2026-04-16,19:17:14,-07:00,2026-04-16T19:17:14-07:00,1,67
style.css,26,css,3a630bed,yaqubmir3,2026-04-16,19:17:14,-07:00,2026-04-16T19:17:14-07:00,1,41
style.css,27,css,3a630bed,yaqubmir3,2026-04-16,19:17:14,-07:00,2026-04-16T19:17:14-07:00,0,0
style.css,28,css,3a630bed,yaqubmir3,2026-04-16,19:17:14,-07:00,2026-04-16T19:17:14-07:00,0,0
style.css,29,css,3a630bed,yaqubmir3,2026-04-16,19:17:14,-07:00,2026-04-16T19:17:14-07:00,0,39
style.css,30,css,3a630bed,yaqubmir3,2026-04-16,19:17:14,-07:00,2026-04-16T19:17:14-07:00,0,13
style.css,31,css,3a630bed,yaqubmir3,2026-04-16,19:17:14,-07:00,2026-04-16T19:17:14-07:00,1,17
style.css,32,css,3a630bed,yaqubmir3,2026-04-16,19:17:14,-07:00,2026-04-16T19:17:14-07:00,1,8
style.css,33,css,3a630bed,yaqubmir3,2026-04-16,19:17:14,-07:00,2026-04-16T19:17:14-07:00,1,10
style.css,34,css,3a630bed,yaqubmir3,2026-04-16,19:17:14,-07:00,2026-04-16T19:17:14-07:00,1,13
style.css,35,css,3a630bed,yaqubmir3,2026-04-16,19:17:14,-07:00,2026-04-16T19:17:14-07:00,1,19
style.css,36,css,3a630bed,yaqubmir3,2026-04-16,19:17:14,-07:00,2026-04-16T19:17:14-07:00,1,12
style.css,37,css,3a630bed,yaqubmir3,2026-04-16,19:17:14,-07:00,2026-04-16T19:17:14-07:00,0,0
style.css,38,css,3a630bed,yaqubmir3,2026-04-16,19:17:14,-07:00,2026-04-16T19:17:14-07:00,0,0
style.css,39,css,3a630bed,yaqubmir3,2026-04-16,19:17:14,-07:00,2026-04-16T19:17:14-07:00,0,6
style.css,40,css,3a630bed,yaqubmir3,2026-04-16,19:17:14,-07:00,2026-04-16T19:17:14-07:00,1,19
style.css,41,css,3a630bed,yaqubmir3,2026-04-16,19:17:14,-07:00,2026-04-16T19:17:14-07:00,1,17
style.css,42,css,3a630bed,yaqubmir3,2026-04-16,19:17:14,-07:00,2026-04-16T19:17:14-07:00,0,0
style.css,43,css,3a630bed,yaqubmir3,2026-04-16,19:17:14,-07:00,2026-04-16T19:17:14-07:00,0,0
style.css,44,css,3a630bed,yaqubmir3,2026-04-16,19:17:14,-07:00,2026-04-16T19:17:14-07:00,0,29
style.css,45,css,3a630bed,yaqubmir3,2026-04-16,19:17:14,-07:00,2026-04-16T19:17:14-07:00,0,0
style.css,46,css,3a630bed,yaqubmir3,2026-04-16,19:17:14,-07:00,2026-04-16T19:17:14-07:00,0,0
style.css,47,css,3a630bed,yaqubmir3,2026-04-16,19:17:14,-07:00,2026-04-16T19:17:14-07:00,0,0
style.css,48,css,3a630bed,yaqubmir3,2026-04-16,19:17:14,-07:00,2026-04-16T19:17:14-07:00,0,0
style.css,49,css,d2870e2d,yaqubmir3,2026-04-04,16:40:16,-07:00,2026-04-04T16:40:16-07:00,0,4
style.css,50,css,d2870e2d,yaqubmir3,2026-04-04,16:40:16,-07:00,2026-04-04T16:40:16-07:00,1,43
style.css,51,css,d2870e2d,yaqubmir3,2026-04-04,16:40:16,-07:00,2026-04-04T16:40:16-07:00,0,42
style.css,52,css,d2870e2d,yaqubmir3,2026-04-04,16:40:16,-07:00,2026-04-04T16:40:16-07:00,0,0
style.css,53,css,d2870e2d,yaqubmir3,2026-04-04,16:40:16,-07:00,2026-04-04T16:40:16-07:00,1,23
style.css,54,css,41a3443f,yaqubmir3,2026-04-09,22:58:34,-07:00,2026-04-09T22:58:34-07:00,0,0
style.css,55,css,41a3443f,yaqubmir3,2026-04-09,22:58:34,-07:00,2026-04-09T22:58:34-07:00,0,0
style.css,56,css,41a3443f,yaqubmir3,2026-04-09,22:58:34,-07:00,2026-04-09T22:58:34-07:00,0,3
style.css,57,css,41a3443f,yaqubmir3,2026-04-09,22:58:34,-07:00,2026-04-09T22:58:34-07:00,1,15
style.css,58,css,41a3443f,yaqubmir3,2026-04-09,22:58:34,-07:00,2026-04-09T22:58:34-07:00,1,11
style.css,59,css,41a3443f,yaqubmir3,2026-04-09,22:58:34,-07:00,2026-04-09T22:58:34-07:00,1,13
style.css,60,css,41a3443f,yaqubmir3,2026-04-09,22:58:34,-07:00,2026-04-09T22:58:34-07:00,1,13
style.css,61,css,41a3443f,yaqubmir3,2026-04-09,22:58:34,-07:00,2026-04-09T22:58:34-07:00,1,22
style.css,62,css,41a3443f,yaqubmir3,2026-04-09,22:58:34,-07:00,2026-04-09T22:58:34-07:00,0,0
style.css,63,css,41a3443f,yaqubmir3,2026-04-09,22:58:34,-07:00,2026-04-09T22:58:34-07:00,0,0
style.css,64,css,41a3443f,yaqubmir3,2026-04-09,22:58:34,-07:00,2026-04-09T22:58:34-07:00,0,2
style.css,65,css,41a3443f,yaqubmir3,2026-04-09,22:58:34,-07:00,2026-04-09T22:58:34-07:00,1,17
style.css,66,css,41a3443f,yaqubmir3,2026-04-09,22:58:34,-07:00,2026-04-09T22:58:34-07:00,0,0
style.css,67,css,41a3443f,yaqubmir3,2026-04-09,22:58:34,-07:00,2026-04-09T22:58:34-07:00,0,0
style.css,68,css,41a3443f,yaqubmir3,2026-04-09,22:58:34,-07:00,2026-04-09T22:58:34-07:00,0,1
style.css,69,css,41a3443f,yaqubmir3,2026-04-09,22:58:34,-07:00,2026-04-09T22:58:34-07:00,1,17
style.css,70,css,41a3443f,yaqubmir3,2026-04-09,22:58:34,-07:00,2026-04-09T22:58:34-07:00,0,0
style.css,71,css,41a3443f,yaqubmir3,2026-04-09,22:58:34,-07:00,2026-04-09T22:58:34-07:00,0,0
style.css,72,css,41a3443f,yaqubmir3,2026-04-09,22:58:34,-07:00,2026-04-09T22:58:34-07:00,0,0
style.css,73,css,41a3443f,yaqubmir3,2026-04-09,22:58:34,-07:00,2026-04-09T22:58:34-07:00,0,6
style.css,74,css,41a3443f,yaqubmir3,2026-04-09,22:58:34,-07:00,2026-04-09T22:58:34-07:00,1,14
style.css,75,css,41a3443f,yaqubmir3,2026-04-09,22:58:34,-07:00,2026-04-09T22:58:34-07:00,1,11
style.css,76,css,41a3443f,yaqubmir3,2026-04-09,22:58:34,-07:00,2026-04-09T22:58:34-07:00,0,0
style.css,77,css,41a3443f,yaqubmir3,2026-04-09,22:58:34,-07:00,2026-04-09T22:58:34-07:00,0,0
style.css,78,css,41a3443f,yaqubmir3,2026-04-09,22:58:34,-07:00,2026-04-09T22:58:34-07:00,0,0
style.css,79,css,41a3443f,yaqubmir3,2026-04-09,22:58:34,-07:00,2026-04-09T22:58:34-07:00,0,6
style.css,80,css,41a3443f,yaqubmir3,2026-04-09,22:58:34,-07:00,2026-04-09T22:58:34-07:00,1,12
style.css,81,css,41a3443f,yaqubmir3,2026-04-09,22:58:34,-07:00,2026-04-09T22:58:34-07:00,1,15
style.css,82,css,41a3443f,yaqubmir3,2026-04-09,22:58:34,-07:00,2026-04-09T22:58:34-07:00,1,9
style.css,83,css,41a3443f,yaqubmir3,2026-04-09,22:58:34,-07:00,2026-04-09T22:58:34-07:00,1,8
style.css,84,css,41a3443f,yaqubmir3,2026-04-09,22:58:34,-07:00,2026-04-09T22:58:34-07:00,1,10
style.css,85,css,41a3443f,yaqubmir3,2026-04-09,22:58:34,-07:00,2026-04-09T22:58:34-07:00,0,0
style.css,86,css,41a3443f,yaqubmir3,2026-04-09,22:58:34,-07:00,2026-04-09T22:58:34-07:00,0,0
style.css,87,css,41a3443f,yaqubmir3,2026-04-09,22:58:34,-07:00,2026-04-09T22:58:34-07:00,0,6
style.css,88,css,41a3443f,yaqubmir3,2026-04-09,22:58:34,-07:00,2026-04-09T22:58:34-07:00,1,6
style.css,89,css,41a3443f,yaqubmir3,2026-04-09,22:58:34,-07:00,2026-04-09T22:58:34-07:00,0,0
style.css,90,css,41a3443f,yaqubmir3,2026-04-09,22:58:34,-07:00,2026-04-09T22:58:34-07:00,0,0
style.css,91,css,41a3443f,yaqubmir3,2026-04-09,22:58:34,-07:00,2026-04-09T22:58:34-07:00,0,0
style.css,92,css,41a3443f,yaqubmir3,2026-04-09,22:58:34,-07:00,2026-04-09T22:58:34-07:00,0,0
style.css,93,css,41a3443f,yaqubmir3,2026-04-09,22:58:34,-07:00,2026-04-09T22:58:34-07:00,0,9
style.css,94,css,3a630bed,yaqubmir3,2026-04-16,19:17:14,-07:00,2026-04-16T19:17:14-07:00,1,16
style.css,95,css,41a3443f,yaqubmir3,2026-04-09,22:58:34,-07:00,2026-04-09T22:58:34-07:00,1,20
style.css,96,css,41a3443f,yaqubmir3,2026-04-09,22:58:34,-07:00,2026-04-09T22:58:34-07:00,0,0
style.css,97,css,41a3443f,yaqubmir3,2026-04-09,22:58:34,-07:00,2026-04-09T22:58:34-07:00,0,0
style.css,98,css,41a3443f,yaqubmir3,2026-04-09,22:58:34,-07:00,2026-04-09T22:58:34-07:00,0,0
style.css,99,css,41a3443f,yaqubmir3,2026-04-09,22:58:34,-07:00,2026-04-09T22:58:34-07:00,0,0
style.css,100,css,41a3443f,yaqubmir3,2026-04-09,22:58:34,-07:00,2026-04-09T22:58:34-07:00,0,4
style.css,101,css,41a3443f,yaqubmir3,2026-04-09,22:58:34,-07:00,2026-04-09T22:58:34-07:00,1,12
style.css,102,css,41a3443f,yaqubmir3,2026-04-09,22:58:34,-07:00,2026-04-09T22:58:34-07:00,1,30
style.css,103,css,41a3443f,yaqubmir3,2026-04-09,22:58:34,-07:00,2026-04-09T22:58:34-07:00,1,7
style.css,104,css,41a3443f,yaqubmir3,2026-04-09,22:58:34,-07:00,2026-04-09T22:58:34-07:00,0,0
style.css,105,css,41a3443f,yaqubmir3,2026-04-09,22:58:34,-07:00,2026-04-09T22:58:34-07:00,0,0
style.css,106,css,41a3443f,yaqubmir3,2026-04-09,22:58:34,-07:00,2026-04-09T22:58:34-07:00,0,4
style.css,107,css,41a3443f,yaqubmir3,2026-04-09,22:58:34,-07:00,2026-04-09T22:58:34-07:00,1,15
style.css,108,css,41a3443f,yaqubmir3,2026-04-09,22:58:34,-07:00,2026-04-09T22:58:34-07:00,1,13
style.css,109,css,41a3443f,yaqubmir3,2026-04-09,22:58:34,-07:00,2026-04-09T22:58:34-07:00,0,0
style.css,110,css,41a3443f,yaqubmir3,2026-04-09,22:58:34,-07:00,2026-04-09T22:58:34-07:00,0,0
style.css,111,css,41a3443f,yaqubmir3,2026-04-09,22:58:34,-07:00,2026-04-09T22:58:34-07:00,0,4
style.css,112,css,41a3443f,yaqubmir3,2026-04-09,22:58:34,-07:00,2026-04-09T22:58:34-07:00,0,6
style.css,113,css,41a3443f,yaqubmir3,2026-04-09,22:58:34,-07:00,2026-04-09T22:58:34-07:00,1,18
style.css,114,css,41a3443f,yaqubmir3,2026-04-09,22:58:34,-07:00,2026-04-09T22:58:34-07:00,0,0
style.css,115,css,41a3443f,yaqubmir3,2026-04-09,22:58:34,-07:00,2026-04-09T22:58:34-07:00,0,0
style.css,116,css,41a3443f,yaqubmir3,2026-04-09,22:58:34,-07:00,2026-04-09T22:58:34-07:00,0,4
style.css,117,css,41a3443f,yaqubmir3,2026-04-09,22:58:34,-07:00,2026-04-09T22:58:34-07:00,0,7
style.css,118,css,41a3443f,yaqubmir3,2026-04-09,22:58:34,-07:00,2026-04-09T22:58:34-07:00,0,6
style.css,119,css,41a3443f,yaqubmir3,2026-04-09,22:58:34,-07:00,2026-04-09T22:58:34-07:00,1,12
style.css,120,css,41a3443f,yaqubmir3,2026-04-09,22:58:34,-07:00,2026-04-09T22:58:34-07:00,0,0
style.css,121,css,41a3443f,yaqubmir3,2026-04-09,22:58:34,-07:00,2026-04-09T22:58:34-07:00,0,0
style.css,122,css,41a3443f,yaqubmir3,2026-04-09,22:58:34,-07:00,2026-04-09T22:58:34-07:00,0,6
style.css,123,css,41a3443f,yaqubmir3,2026-04-09,22:58:34,-07:00,2026-04-09T22:58:34-07:00,1,10
style.css,124,css,41a3443f,yaqubmir3,2026-04-09,22:58:34,-07:00,2026-04-09T22:58:34-07:00,1,17
style.css,125,css,41a3443f,yaqubmir3,2026-04-09,22:58:34,-07:00,2026-04-09T22:58:34-07:00,1,19
style.css,126,css,41a3443f,yaqubmir3,2026-04-09,22:58:34,-07:00,2026-04-09T22:58:34-07:00,0,0
style.css,127,css,41a3443f,yaqubmir3,2026-04-09,22:58:34,-07:00,2026-04-09T22:58:34-07:00,0,0
style.css,128,css,41a3443f,yaqubmir3,2026-04-09,22:58:34,-07:00,2026-04-09T22:58:34-07:00,0,0
style.css,129,css,41a3443f,yaqubmir3,2026-04-09,22:58:34,-07:00,2026-04-09T22:58:34-07:00,0,0
style.css,130,css,41a3443f,yaqubmir3,2026-04-09,22:58:34,-07:00,2026-04-09T22:58:34-07:00,0,9
style.css,131,css,41a3443f,yaqubmir3,2026-04-09,22:58:34,-07:00,2026-04-09T22:58:34-07:00,1,12
style.css,132,css,41a3443f,yaqubmir3,2026-04-09,22:58:34,-07:00,2026-04-09T22:58:34-07:00,1,58
style.css,133,css,41a3443f,yaqubmir3,2026-04-09,22:58:34,-07:00,2026-04-09T22:58:34-07:00,1,7
style.css,134,css,41a3443f,yaqubmir3,2026-04-09,22:58:34,-07:00,2026-04-09T22:58:34-07:00,0,0
style.css,135,css,41a3443f,yaqubmir3,2026-04-09,22:58:34,-07:00,2026-04-09T22:58:34-07:00,0,0
style.css,136,css,41a3443f,yaqubmir3,2026-04-09,22:58:34,-07:00,2026-04-09T22:58:34-07:00,0,17
style.css,137,css,41a3443f,yaqubmir3,2026-04-09,22:58:34,-07:00,2026-04-09T22:58:34-07:00,1,12
style.css,138,css,41a3443f,yaqubmir3,2026-04-09,22:58:34,-07:00,2026-04-09T22:58:34-07:00,1,26
style.css,139,css,41a3443f,yaqubmir3,2026-04-09,22:58:34,-07:00,2026-04-09T22:58:34-07:00,1,15
style.css,140,css,41a3443f,yaqubmir3,2026-04-09,22:58:34,-07:00,2026-04-09T22:58:34-07:00,1,7
style.css,141,css,41a3443f,yaqubmir3,2026-04-09,22:58:34,-07:00,2026-04-09T22:58:34-07:00,0,0
style.css,142,css,41a3443f,yaqubmir3,2026-04-09,22:58:34,-07:00,2026-04-09T22:58:34-07:00,0,0
style.css,143,css,41a3443f,yaqubmir3,2026-04-09,22:58:34,-07:00,2026-04-09T22:58:34-07:00,0,20
style.css,144,css,41a3443f,yaqubmir3,2026-04-09,22:58:34,-07:00,2026-04-09T22:58:34-07:00,1,8
style.css,145,css,41a3443f,yaqubmir3,2026-04-09,22:58:34,-07:00,2026-04-09T22:58:34-07:00,0,0
style.css,146,css,41a3443f,yaqubmir3,2026-04-09,22:58:34,-07:00,2026-04-09T22:58:34-07:00,0,0
style.css,147,css,41a3443f,yaqubmir3,2026-04-09,22:58:34,-07:00,2026-04-09T22:58:34-07:00,0,3
style.css,148,css,41a3443f,yaqubmir3,2026-04-09,22:58:34,-07:00,2026-04-09T22:58:34-07:00,1,17
style.css,149,css,41a3443f,yaqubmir3,2026-04-09,22:58:34,-07:00,2026-04-09T22:58:34-07:00,0,0
style.css,150,css,41a3443f,yaqubmir3,2026-04-09,22:58:34,-07:00,2026-04-09T22:58:34-07:00,0,0
style.css,151,css,41a3443f,yaqubmir3,2026-04-09,22:58:34,-07:00,2026-04-09T22:58:34-07:00,0,5
style.css,152,css,41a3443f,yaqubmir3,2026-04-09,22:58:34,-07:00,2026-04-09T22:58:34-07:00,1,14
style.css,153,css,41a3443f,yaqubmir3,2026-04-09,22:58:34,-07:00,2026-04-09T22:58:34-07:00,0,0
style.css,154,css,41a3443f,yaqubmir3,2026-04-09,22:58:34,-07:00,2026-04-09T22:58:34-07:00,0,0
style.css,155,css,41a3443f,yaqubmir3,2026-04-09,22:58:34,-07:00,2026-04-09T22:58:34-07:00,0,13
style.css,156,css,41a3443f,yaqubmir3,2026-04-09,22:58:34,-07:00,2026-04-09T22:58:34-07:00,1,14
style.css,157,css,41a3443f,yaqubmir3,2026-04-09,22:58:34,-07:00,2026-04-09T22:58:34-07:00,0,0
style.css,158,css,41a3443f,yaqubmir3,2026-04-09,22:58:34,-07:00,2026-04-09T22:58:34-07:00,0,0
style.css,159,css,41a3443f,yaqubmir3,2026-04-09,22:58:34,-07:00,2026-04-09T22:58:34-07:00,0,5
style.css,160,css,41a3443f,yaqubmir3,2026-04-09,22:58:34,-07:00,2026-04-09T22:58:34-07:00,1,16
style.css,161,css,41a3443f,yaqubmir3,2026-04-09,22:58:34,-07:00,2026-04-09T22:58:34-07:00,0,0
style.css,162,css,41a3443f,yaqubmir3,2026-04-09,22:58:34,-07:00,2026-04-09T22:58:34-07:00,0,0
style.css,163,css,41a3443f,yaqubmir3,2026-04-09,22:58:34,-07:00,2026-04-09T22:58:34-07:00,0,0
style.css,164,css,9306884f,yaqubmir3,2026-04-10,11:16:05,-07:00,2026-04-10T11:16:05-07:00,0,0
style.css,165,css,9306884f,yaqubmir3,2026-04-10,11:16:05,-07:00,2026-04-10T11:16:05-07:00,0,0
style.css,166,css,9306884f,yaqubmir3,2026-04-10,11:16:05,-07:00,2026-04-10T11:16:05-07:00,0,0
style.css,167,css,9306884f,yaqubmir3,2026-04-10,11:16:05,-07:00,2026-04-10T11:16:05-07:00,0,22
style.css,168,css,9306884f,yaqubmir3,2026-04-10,11:16:05,-07:00,2026-04-10T11:16:05-07:00,1,15
style.css,169,css,9306884f,yaqubmir3,2026-04-10,11:16:05,-07:00,2026-04-10T11:16:05-07:00,1,17
style.css,170,css,9306884f,yaqubmir3,2026-04-10,11:16:05,-07:00,2026-04-10T11:16:05-07:00,1,8
style.css,171,css,9306884f,yaqubmir3,2026-04-10,11:16:05,-07:00,2026-04-10T11:16:05-07:00,1,12
style.css,172,css,9306884f,yaqubmir3,2026-04-10,11:16:05,-07:00,2026-04-10T11:16:05-07:00,0,0
style.css,173,css,9306884f,yaqubmir3,2026-04-10,11:16:05,-07:00,2026-04-10T11:16:05-07:00,0,0
style.css,174,css,9306884f,yaqubmir3,2026-04-10,11:16:05,-07:00,2026-04-10T11:16:05-07:00,0,2
style.css,175,css,9306884f,yaqubmir3,2026-04-10,11:16:05,-07:00,2026-04-10T11:16:05-07:00,1,14
style.css,176,css,9306884f,yaqubmir3,2026-04-10,11:16:05,-07:00,2026-04-10T11:16:05-07:00,0,0
style.css,177,css,9306884f,yaqubmir3,2026-04-10,11:16:05,-07:00,2026-04-10T11:16:05-07:00,0,0
style.css,178,css,9306884f,yaqubmir3,2026-04-10,11:16:05,-07:00,2026-04-10T11:16:05-07:00,0,2
style.css,179,css,9306884f,yaqubmir3,2026-04-10,11:16:05,-07:00,2026-04-10T11:16:05-07:00,1,14
style.css,180,css,9306884f,yaqubmir3,2026-04-10,11:16:05,-07:00,2026-04-10T11:16:05-07:00,0,0
style.css,181,css,9306884f,yaqubmir3,2026-04-10,11:16:05,-07:00,2026-04-10T11:16:05-07:00,0,0
style.css,182,css,9306884f,yaqubmir3,2026-04-10,11:16:05,-07:00,2026-04-10T11:16:05-07:00,0,2
style.css,183,css,9306884f,yaqubmir3,2026-04-10,11:16:05,-07:00,2026-04-10T11:16:05-07:00,1,16
style.css,184,css,9306884f,yaqubmir3,2026-04-10,11:16:05,-07:00,2026-04-10T11:16:05-07:00,0,0
style.css,185,css,9306884f,yaqubmir3,2026-04-10,11:16:05,-07:00,2026-04-10T11:16:05-07:00,0,0
style.css,186,css,9306884f,yaqubmir3,2026-04-10,11:16:05,-07:00,2026-04-10T11:16:05-07:00,0,2
style.css,187,css,9306884f,yaqubmir3,2026-04-10,11:16:05,-07:00,2026-04-10T11:16:05-07:00,1,17
style.css,188,css,9306884f,yaqubmir3,2026-04-10,11:16:05,-07:00,2026-04-10T11:16:05-07:00,0,0
style.css,189,css,9306884f,yaqubmir3,2026-04-10,11:16:05,-07:00,2026-04-10T11:16:05-07:00,0,0
style.css,190,css,9306884f,yaqubmir3,2026-04-10,11:16:05,-07:00,2026-04-10T11:16:05-07:00,0,2
style.css,191,css,9306884f,yaqubmir3,2026-04-10,11:16:05,-07:00,2026-04-10T11:16:05-07:00,1,14
style.css,192,css,9306884f,yaqubmir3,2026-04-10,11:16:05,-07:00,2026-04-10T11:16:05-07:00,0,0
style.css,193,css,9306884f,yaqubmir3,2026-04-10,11:16:05,-07:00,2026-04-10T11:16:05-07:00,0,0
style.css,194,css,9306884f,yaqubmir3,2026-04-10,11:16:05,-07:00,2026-04-10T11:16:05-07:00,0,2
style.css,195,css,9306884f,yaqubmir3,2026-04-10,11:16:05,-07:00,2026-04-10T11:16:05-07:00,1,18
style.css,196,css,6e54740e,yaqubmir3,2026-04-23,21:06:13,-07:00,2026-04-23T21:06:13-07:00,0,0
style.css,197,css,6e54740e,yaqubmir3,2026-04-23,21:06:13,-07:00,2026-04-23T21:06:13-07:00,0,0
style.css,198,css,6e54740e,yaqubmir3,2026-04-23,21:06:13,-07:00,2026-04-23T21:06:13-07:00,0,0
style.css,199,css,6e54740e,yaqubmir3,2026-04-23,21:06:13,-07:00,2026-04-23T21:06:13-07:00,0,0
style.css,200,css,6e54740e,yaqubmir3,2026-04-23,21:06:13,-07:00,2026-04-23T21:06:13-07:00,0,0
style.css,201,css,6e54740e,yaqubmir3,2026-04-23,21:06:13,-07:00,2026-04-23T21:06:13-07:00,0,0
style.css,202,css,6e54740e,yaqubmir3,2026-04-23,21:06:13,-07:00,2026-04-23T21:06:13-07:00,0,0
style.css,203,css,6e54740e,yaqubmir3,2026-04-23,21:06:13,-07:00,2026-04-23T21:06:13-07:00,0,14
style.css,204,css,6e54740e,yaqubmir3,2026-04-23,21:06:13,-07:00,2026-04-23T21:06:13-07:00,1,12
style.css,205,css,6e54740e,yaqubmir3,2026-04-23,21:06:13,-07:00,2026-04-23T21:06:13-07:00,1,22
style.css,206,css,6e54740e,yaqubmir3,2026-04-23,21:06:13,-07:00,2026-04-23T21:06:13-07:00,1,15
style.css,207,css,6e54740e,yaqubmir3,2026-04-23,21:06:13,-07:00,2026-04-23T21:06:13-07:00,1,66
style.css,208,css,6e54740e,yaqubmir3,2026-04-23,21:06:13,-07:00,2026-04-23T21:06:13-07:00,0,0
style.css,209,css,6e54740e,yaqubmir3,2026-04-23,21:06:13,-07:00,2026-04-23T21:06:13-07:00,0,0
style.css,210,css,6e54740e,yaqubmir3,2026-04-23,21:06:13,-07:00,2026-04-23T21:06:13-07:00,0,22
style.css,211,css,6e54740e,yaqubmir3,2026-04-23,21:06:13,-07:00,2026-04-23T21:06:13-07:00,1,11
style.css,212,css,6e54740e,yaqubmir3,2026-04-23,21:06:13,-07:00,2026-04-23T21:06:13-07:00,1,17
style.css,213,css,6e54740e,yaqubmir3,2026-04-23,21:06:13,-07:00,2026-04-23T21:06:13-07:00,0,0
style.css,214,css,6e54740e,yaqubmir3,2026-04-23,21:06:13,-07:00,2026-04-23T21:06:13-07:00,1,65
style.css,215,css,6e54740e,yaqubmir3,2026-04-23,21:06:13,-07:00,2026-04-23T21:06:13-07:00,1,18
style.css,216,css,6e54740e,yaqubmir3,2026-04-23,21:06:13,-07:00,2026-04-23T21:06:13-07:00,0,0
style.css,217,css,6e54740e,yaqubmir3,2026-04-23,21:06:13,-07:00,2026-04-23T21:06:13-07:00,1,20
style.css,218,css,6e54740e,yaqubmir3,2026-04-23,21:06:13,-07:00,2026-04-23T21:06:13-07:00,0,0
style.css,219,css,6e54740e,yaqubmir3,2026-04-23,21:06:13,-07:00,2026-04-23T21:06:13-07:00,1,17
style.css,220,css,6e54740e,yaqubmir3,2026-04-23,21:06:13,-07:00,2026-04-23T21:06:13-07:00,1,16
style.css,221,css,6e54740e,yaqubmir3,2026-04-23,21:06:13,-07:00,2026-04-23T21:06:13-07:00,0,0
style.css,222,css,6e54740e,yaqubmir3,2026-04-23,21:06:13,-07:00,2026-04-23T21:06:13-07:00,1,65
style.css,223,css,6e54740e,yaqubmir3,2026-04-23,21:06:13,-07:00,2026-04-23T21:06:13-07:00,0,0
style.css,224,css,6e54740e,yaqubmir3,2026-04-23,21:06:13,-07:00,2026-04-23T21:06:13-07:00,0,0
style.css,225,css,6e54740e,yaqubmir3,2026-04-23,21:06:13,-07:00,2026-04-23T21:06:13-07:00,0,22
style.css,226,css,6e54740e,yaqubmir3,2026-04-23,21:06:13,-07:00,2026-04-23T21:06:13-07:00,1,14
style.css,227,css,6e54740e,yaqubmir3,2026-04-23,21:06:13,-07:00,2026-04-23T21:06:13-07:00,1,15
style.css,228,css,6e54740e,yaqubmir3,2026-04-23,21:06:13,-07:00,2026-04-23T21:06:13-07:00,1,14
style.css,229,css,6e54740e,yaqubmir3,2026-04-23,21:06:13,-07:00,2026-04-23T21:06:13-07:00,1,15
style.css,230,css,6e54740e,yaqubmir3,2026-04-23,21:06:13,-07:00,2026-04-23T21:06:13-07:00,1,16
style.css,231,css,6e54740e,yaqubmir3,2026-04-23,21:06:13,-07:00,2026-04-23T21:06:13-07:00,0,0
style.css,232,css,6e54740e,yaqubmir3,2026-04-23,21:06:13,-07:00,2026-04-23T21:06:13-07:00,0,0
style.css,233,css,6e54740e,yaqubmir3,2026-04-23,21:06:13,-07:00,2026-04-23T21:06:13-07:00,0,46
style.css,234,css,6e54740e,yaqubmir3,2026-04-23,21:06:13,-07:00,2026-04-23T21:06:13-07:00,1,12
style.css,235,css,6e54740e,yaqubmir3,2026-04-23,21:06:13,-07:00,2026-04-23T21:06:13-07:00,0,0
style.css,236,css,6e54740e,yaqubmir3,2026-04-23,21:06:13,-07:00,2026-04-23T21:06:13-07:00,0,0
style.css,237,css,6e54740e,yaqubmir3,2026-04-23,21:06:13,-07:00,2026-04-23T21:06:13-07:00,0,17
style.css,238,css,6e54740e,yaqubmir3,2026-04-23,21:06:13,-07:00,2026-04-23T21:06:13-07:00,1,15
style.css,239,css,6e54740e,yaqubmir3,2026-04-23,21:06:13,-07:00,2026-04-23T21:06:13-07:00,1,14
style.css,240,css,6e54740e,yaqubmir3,2026-04-23,21:06:13,-07:00,2026-04-23T21:06:13-07:00,0,0
style.css,241,css,6e54740e,yaqubmir3,2026-04-23,21:06:13,-07:00,2026-04-23T21:06:13-07:00,0,0
style.css,242,css,6e54740e,yaqubmir3,2026-04-23,21:06:13,-07:00,2026-04-23T21:06:13-07:00,0,17
style.css,243,css,6e54740e,yaqubmir3,2026-04-23,21:06:13,-07:00,2026-04-23T21:06:13-07:00,1,12
style.css,244,css,6e54740e,yaqubmir3,2026-04-23,21:06:13,-07:00,2026-04-23T21:06:13-07:00,1,29
style.css,245,css,6e54740e,yaqubmir3,2026-04-23,21:06:13,-07:00,2026-04-23T21:06:13-07:00,1,17
style.css,246,css,6e54740e,yaqubmir3,2026-04-23,21:06:13,-07:00,2026-04-23T21:06:13-07:00,1,17
style.css,247,css,6e54740e,yaqubmir3,2026-04-23,21:06:13,-07:00,2026-04-23T21:06:13-07:00,0,0
style.css,248,css,6e54740e,yaqubmir3,2026-04-23,21:06:13,-07:00,2026-04-23T21:06:13-07:00,0,0
style.css,249,css,6e54740e,yaqubmir3,2026-04-23,21:06:13,-07:00,2026-04-23T21:06:13-07:00,0,17
style.css,250,css,6e54740e,yaqubmir3,2026-04-23,21:06:13,-07:00,2026-04-23T21:06:13-07:00,1,15
style.css,251,css,6e54740e,yaqubmir3,2026-04-23,21:06:13,-07:00,2026-04-23T21:06:13-07:00,1,11
style.css,252,css,6e54740e,yaqubmir3,2026-04-23,21:06:13,-07:00,2026-04-23T21:06:13-07:00,0,0
style.css,253,css,6e54740e,yaqubmir3,2026-04-23,21:06:13,-07:00,2026-04-23T21:06:13-07:00,0,0
style.css,254,css,6e54740e,yaqubmir3,2026-04-23,21:06:13,-07:00,2026-04-23T21:06:13-07:00,0,17
style.css,255,css,6e54740e,yaqubmir3,2026-04-23,21:06:13,-07:00,2026-04-23T21:06:13-07:00,1,8
style.css,256,css,6e54740e,yaqubmir3,2026-04-23,21:06:13,-07:00,2026-04-23T21:06:13-07:00,1,16
style.css,257,css,6e54740e,yaqubmir3,2026-04-23,21:06:13,-07:00,2026-04-23T21:06:13-07:00,1,15
style.css,258,css,2e375d5e,yaqubmir3,2026-04-30,11:39:12,-07:00,2026-04-30T11:39:12-07:00,0,0
style.css,259,css,2e375d5e,yaqubmir3,2026-04-30,11:39:12,-07:00,2026-04-30T11:39:12-07:00,0,0
style.css,260,css,2e375d5e,yaqubmir3,2026-04-30,11:39:12,-07:00,2026-04-30T11:39:12-07:00,0,13
style.css,261,css,2e375d5e,yaqubmir3,2026-04-30,11:39:12,-07:00,2026-04-30T11:39:12-07:00,1,10
style.css,262,css,2e375d5e,yaqubmir3,2026-04-30,11:39:12,-07:00,2026-04-30T11:39:12-07:00,1,16
style.css,263,css,2e375d5e,yaqubmir3,2026-04-30,11:39:12,-07:00,2026-04-30T11:39:12-07:00,1,17
style.css,264,css,2e375d5e,yaqubmir3,2026-04-30,11:39:12,-07:00,2026-04-30T11:39:12-07:00,1,8
style.css,265,css,2e375d5e,yaqubmir3,2026-04-30,11:39:12,-07:00,2026-04-30T11:39:12-07:00,0,0
style.css,266,css,2e375d5e,yaqubmir3,2026-04-30,11:39:12,-07:00,2026-04-30T11:39:12-07:00,0,0
style.css,267,css,2e375d5e,yaqubmir3,2026-04-30,11:39:12,-07:00,2026-04-30T11:39:12-07:00,0,18
style.css,268,css,2e375d5e,yaqubmir3,2026-04-30,11:39:12,-07:00,2026-04-30T11:39:12-07:00,1,14
style.css,269,css,2e375d5e,yaqubmir3,2026-04-30,11:39:12,-07:00,2026-04-30T11:39:12-07:00,1,16
style.css,270,css,2e375d5e,yaqubmir3,2026-04-30,11:39:12,-07:00,2026-04-30T11:39:12-07:00,1,16
style.css,271,css,2e375d5e,yaqubmir3,2026-04-30,11:39:12,-07:00,2026-04-30T11:39:12-07:00,0,0
style.css,272,css,2e375d5e,yaqubmir3,2026-04-30,11:39:12,-07:00,2026-04-30T11:39:12-07:00,0,0
style.css,273,css,2e375d5e,yaqubmir3,2026-04-30,11:39:12,-07:00,2026-04-30T11:39:12-07:00,0,10
style.css,274,css,2e375d5e,yaqubmir3,2026-04-30,11:39:12,-07:00,2026-04-30T11:39:12-07:00,1,12
style.css,275,css,2e375d5e,yaqubmir3,2026-04-30,11:39:12,-07:00,2026-04-30T11:39:12-07:00,1,18
style.css,276,css,2e375d5e,yaqubmir3,2026-04-30,11:39:12,-07:00,2026-04-30T11:39:12-07:00,1,7
style.css,277,css,2e375d5e,yaqubmir3,2026-04-30,11:39:12,-07:00,2026-04-30T11:39:12-07:00,1,10
style.css,278,css,2e375d5e,yaqubmir3,2026-04-30,11:39:12,-07:00,2026-04-30T11:39:12-07:00,0,0
style.css,279,css,2e375d5e,yaqubmir3,2026-04-30,11:39:12,-07:00,2026-04-30T11:39:12-07:00,0,0
style.css,280,css,2e375d5e,yaqubmir3,2026-04-30,11:39:12,-07:00,2026-04-30T11:39:12-07:00,0,7
style.css,281,css,2e375d5e,yaqubmir3,2026-04-30,11:39:12,-07:00,2026-04-30T11:39:12-07:00,1,12
style.css,282,css,2e375d5e,yaqubmir3,2026-04-30,11:39:12,-07:00,2026-04-30T11:39:12-07:00,1,57
style.css,283,css,2e375d5e,yaqubmir3,2026-04-30,11:39:12,-07:00,2026-04-30T11:39:12-07:00,1,7
style.css,284,css,2e375d5e,yaqubmir3,2026-04-30,11:39:12,-07:00,2026-04-30T11:39:12-07:00,1,11
style.css,285,css,2e375d5e,yaqubmir3,2026-04-30,11:39:12,-07:00,2026-04-30T11:39:12-07:00,1,12
style.css,286,css,2e375d5e,yaqubmir3,2026-04-30,11:39:12,-07:00,2026-04-30T11:39:12-07:00,1,65
style.css,287,css,2e375d5e,yaqubmir3,2026-04-30,11:39:12,-07:00,2026-04-30T11:39:12-07:00,1,17
style.css,288,css,2e375d5e,yaqubmir3,2026-04-30,11:39:12,-07:00,2026-04-30T11:39:12-07:00,1,15
style.css,289,css,2e375d5e,yaqubmir3,2026-04-30,11:39:12,-07:00,2026-04-30T11:39:12-07:00,1,6
style.css,290,css,2e375d5e,yaqubmir3,2026-04-30,11:39:12,-07:00,2026-04-30T11:39:12-07:00,0,0
style.css,291,css,2e375d5e,yaqubmir3,2026-04-30,11:39:12,-07:00,2026-04-30T11:39:12-07:00,0,0
style.css,292,css,2e375d5e,yaqubmir3,2026-04-30,11:39:12,-07:00,2026-04-30T11:39:12-07:00,0,12
style.css,293,css,2e375d5e,yaqubmir3,2026-04-30,11:39:12,-07:00,2026-04-30T11:39:12-07:00,1,12
style.css,294,css,2e375d5e,yaqubmir3,2026-04-30,11:39:12,-07:00,2026-04-30T11:39:12-07:00,1,18
style.css,295,css,2e375d5e,yaqubmir3,2026-04-30,11:39:12,-07:00,2026-04-30T11:39:12-07:00,1,9
style.css,296,css,2e375d5e,yaqubmir3,2026-04-30,11:39:12,-07:00,2026-04-30T11:39:12-07:00,0,0
style.css,297,css,2e375d5e,yaqubmir3,2026-04-30,11:39:12,-07:00,2026-04-30T11:39:12-07:00,0,0
style.css,298,css,2e375d5e,yaqubmir3,2026-04-30,11:39:12,-07:00,2026-04-30T11:39:12-07:00,0,7
style.css,299,css,2e375d5e,yaqubmir3,2026-04-30,11:39:12,-07:00,2026-04-30T11:39:12-07:00,1,20
style.css,300,css,2e375d5e,yaqubmir3,2026-04-30,11:39:12,-07:00,2026-04-30T11:39:12-07:00,1,9
style.css,301,css,2e375d5e,yaqubmir3,2026-04-30,11:39:12,-07:00,2026-04-30T11:39:12-07:00,1,18
style.css,302,css,2e375d5e,yaqubmir3,2026-04-30,11:39:12,-07:00,2026-04-30T11:39:12-07:00,1,29
style.css,303,css,2e375d5e,yaqubmir3,2026-04-30,11:39:12,-07:00,2026-04-30T11:39:12-07:00,1,17
style.css,304,css,2e375d5e,yaqubmir3,2026-04-30,11:39:12,-07:00,2026-04-30T11:39:12-07:00,1,13
style.css,305,css,2e375d5e,yaqubmir3,2026-04-30,11:39:12,-07:00,2026-04-30T11:39:12-07:00,0,0
style.css,306,css,2e375d5e,yaqubmir3,2026-04-30,11:39:12,-07:00,2026-04-30T11:39:12-07:00,0,0
style.css,307,css,2e375d5e,yaqubmir3,2026-04-30,11:39:12,-07:00,2026-04-30T11:39:12-07:00,0,18
style.css,308,css,2e375d5e,yaqubmir3,2026-04-30,11:39:12,-07:00,2026-04-30T11:39:12-07:00,1,14
style.css,309,css,2e375d5e,yaqubmir3,2026-04-30,11:39:12,-07:00,2026-04-30T11:39:12-07:00,1,16
style.css,310,css,2e375d5e,yaqubmir3,2026-04-30,11:39:12,-07:00,2026-04-30T11:39:12-07:00,1,16
style.css,311,css,2e375d5e,yaqubmir3,2026-04-30,11:39:12,-07:00,2026-04-30T11:39:12-07:00,0,0
style.css,312,css,2e375d5e,yaqubmir3,2026-04-30,11:39:12,-07:00,2026-04-30T11:39:12-07:00,0,0
style.css,313,css,2e375d5e,yaqubmir3,2026-04-30,11:39:12,-07:00,2026-04-30T11:39:12-07:00,0,23
style.css,314,css,2e375d5e,yaqubmir3,2026-04-30,11:39:12,-07:00,2026-04-30T11:39:12-07:00,1,16
style.css,315,css,2e375d5e,yaqubmir3,2026-04-30,11:39:12,-07:00,2026-04-30T11:39:12-07:00,1,14
style.css,316,css,2e375d5e,yaqubmir3,2026-04-30,11:39:12,-07:00,2026-04-30T11:39:12-07:00,0,0
style.css,317,css,2e375d5e,yaqubmir3,2026-04-30,11:39:12,-07:00,2026-04-30T11:39:12-07:00,0,0
style.css,318,css,2e375d5e,yaqubmir3,2026-04-30,11:39:12,-07:00,2026-04-30T11:39:12-07:00,0,51
style.css,319,css,2e375d5e,yaqubmir3,2026-04-30,11:39:12,-07:00,2026-04-30T11:39:12-07:00,1,11
style.css,320,css,2e375d5e,yaqubmir3,2026-04-30,11:39:12,-07:00,2026-04-30T11:39:12-07:00,0,0
style.css,321,css,2e375d5e,yaqubmir3,2026-04-30,11:39:12,-07:00,2026-04-30T11:39:12-07:00,0,0
style.css,322,css,2e375d5e,yaqubmir3,2026-04-30,11:39:12,-07:00,2026-04-30T11:39:12-07:00,0,9
style.css,323,css,2e375d5e,yaqubmir3,2026-04-30,11:39:12,-07:00,2026-04-30T11:39:12-07:00,1,35
style.css,324,css,2e375d5e,yaqubmir3,2026-04-30,11:39:12,-07:00,2026-04-30T11:39:12-07:00,0,0
style.css,325,css,2e375d5e,yaqubmir3,2026-04-30,11:39:12,-07:00,2026-04-30T11:39:12-07:00,0,0
style.css,326,css,2e375d5e,yaqubmir3,2026-04-30,11:39:12,-07:00,2026-04-30T11:39:12-07:00,0,18
style.css,327,css,2e375d5e,yaqubmir3,2026-04-30,11:39:12,-07:00,2026-04-30T11:39:12-07:00,1,17
style.css,328,css,2e375d5e,yaqubmir3,2026-04-30,11:39:12,-07:00,2026-04-30T11:39:12-07:00,0,0
style.css,329,css,2e375d5e,yaqubmir3,2026-04-30,11:39:12,-07:00,2026-04-30T11:39:12-07:00,0,0
style.css,330,css,2e375d5e,yaqubmir3,2026-04-30,11:39:12,-07:00,2026-04-30T11:39:12-07:00,0,10
style.css,331,css,2e375d5e,yaqubmir3,2026-04-30,11:39:12,-07:00,2026-04-30T11:39:12-07:00,1,13
style.css,332,css,2e375d5e,yaqubmir3,2026-04-30,11:39:12,-07:00,2026-04-30T11:39:12-07:00,1,10
style.css,333,css,2e375d5e,yaqubmir3,2026-04-30,11:39:12,-07:00,2026-04-30T11:39:12-07:00,1,15
style.css,334,css,2e375d5e,yaqubmir3,2026-04-30,11:39:12,-07:00,2026-04-30T11:39:12-07:00,1,15
style.css,335,css,2e375d5e,yaqubmir3,2026-04-30,11:39:12,-07:00,2026-04-30T11:39:12-07:00,1,17
style.css,336,css,2e375d5e,yaqubmir3,2026-04-30,11:39:12,-07:00,2026-04-30T11:39:12-07:00,1,12
style.css,337,css,2e375d5e,yaqubmir3,2026-04-30,11:39:12,-07:00,2026-04-30T11:39:12-07:00,1,65
style.css,338,css,2e375d5e,yaqubmir3,2026-04-30,11:39:12,-07:00,2026-04-30T11:39:12-07:00,1,17
style.css,339,css,2e375d5e,yaqubmir3,2026-04-30,11:39:12,-07:00,2026-04-30T11:39:12-07:00,1,17
style.css,340,css,2e375d5e,yaqubmir3,2026-04-30,11:39:12,-07:00,2026-04-30T11:39:12-07:00,1,16
style.css,341,css,9306884f,yaqubmir3,2026-04-10,11:16:05,-07:00,2026-04-10T11:16:05-07:00,0,0
index.js,1,js,6e54740e,yaqubmir3,2026-04-23,21:06:13,-07:00,2026-04-23T21:06:13-07:00,0,71
index.js,2,js,6e54740e,yaqubmir3,2026-04-23,21:06:13,-07:00,2026-04-23T21:06:13-07:00,0,0
index.js,3,js,6e54740e,yaqubmir3,2026-04-23,21:06:13,-07:00,2026-04-23T21:06:13-07:00,0,54
index.js,4,js,6e54740e,yaqubmir3,2026-04-23,21:06:13,-07:00,2026-04-23T21:06:13-07:00,0,42
index.js,5,js,6e54740e,yaqubmir3,2026-04-23,21:06:13,-07:00,2026-04-23T21:06:13-07:00,0,60
index.js,6,js,6e54740e,yaqubmir3,2026-04-23,21:06:13,-07:00,2026-04-23T21:06:13-07:00,0,54
index.js,7,js,6e54740e,yaqubmir3,2026-04-23,21:06:13,-07:00,2026-04-23T21:06:13-07:00,0,0
index.js,8,js,6e54740e,yaqubmir3,2026-04-23,21:06:13,-07:00,2026-04-23T21:06:13-07:00,0,0
index.js,9,js,6e54740e,yaqubmir3,2026-04-23,21:06:13,-07:00,2026-04-23T21:06:13-07:00,0,58
index.js,10,js,6e54740e,yaqubmir3,2026-04-23,21:06:13,-07:00,2026-04-23T21:06:13-07:00,0,75
index.js,11,js,6e54740e,yaqubmir3,2026-04-23,21:06:13,-07:00,2026-04-23T21:06:13-07:00,0,0
index.js,12,js,6e54740e,yaqubmir3,2026-04-23,21:06:13,-07:00,2026-04-23T21:06:13-07:00,0,24
index.js,13,js,6e54740e,yaqubmir3,2026-04-23,21:06:13,-07:00,2026-04-23T21:06:13-07:00,1,31
index.js,14,js,6e54740e,yaqubmir3,2026-04-23,21:06:13,-07:00,2026-04-23T21:06:13-07:00,2,2
index.js,15,js,6e54740e,yaqubmir3,2026-04-23,21:06:13,-07:00,2026-04-23T21:06:13-07:00,3,55
index.js,16,js,6e54740e,yaqubmir3,2026-04-23,21:06:13,-07:00,2026-04-23T21:06:13-07:00,3,55
index.js,17,js,6e54740e,yaqubmir3,2026-04-23,21:06:13,-07:00,2026-04-23T21:06:13-07:00,3,49
index.js,18,js,6e54740e,yaqubmir3,2026-04-23,21:06:13,-07:00,2026-04-23T21:06:13-07:00,3,49
index.js,19,js,6e54740e,yaqubmir3,2026-04-23,21:06:13,-07:00,2026-04-23T21:06:13-07:00,2,3
index.js,20,js,6e54740e,yaqubmir3,2026-04-23,21:06:13,-07:00,2026-04-23T21:06:13-07:00,1,0
index.js,21,js,6e54740e,yaqubmir3,2026-04-23,21:06:13,-07:00,2026-04-23T21:06:13-07:00,0,0
index.html,1,html,fed39bab,yaqubmir3,2026-04-04,16:09:51,-07:00,2026-04-04T16:09:51-07:00,0,13
index.html,2,html,fed39bab,yaqubmir3,2026-04-04,16:09:51,-07:00,2026-04-04T16:09:51-07:00,0,14
index.html,3,html,fed39bab,yaqubmir3,2026-04-04,16:09:51,-07:00,2026-04-04T16:09:51-07:00,0,4
index.html,4,html,c823dd87,yaqubmir3,2026-04-10,10:55:43,-07:00,2026-04-10T10:55:43-07:00,2,38
index.html,5,html,fed39bab,yaqubmir3,2026-04-04,16:09:51,-07:00,2026-04-04T16:09:51-07:00,2,20
index.html,6,html,fed39bab,yaqubmir3,2026-04-04,16:09:51,-07:00,2026-04-04T16:09:51-07:00,2,68
index.html,7,html,fed39bab,yaqubmir3,2026-04-04,16:09:51,-07:00,2026-04-04T16:09:51-07:00,2,52
index.html,8,html,fed39bab,yaqubmir3,2026-04-04,16:09:51,-07:00,2026-04-04T16:09:51-07:00,0,5
index.html,9,html,41a3443f,yaqubmir3,2026-04-09,22:58:34,-07:00,2026-04-09T22:58:34-07:00,0,0
index.html,10,html,6e54740e,yaqubmir3,2026-04-23,21:06:13,-07:00,2026-04-23T21:06:13-07:00,0,17
index.html,11,html,6e54740e,yaqubmir3,2026-04-23,21:06:13,-07:00,2026-04-23T21:06:13-07:00,2,16
index.html,12,html,6e54740e,yaqubmir3,2026-04-23,21:06:13,-07:00,2026-04-23T21:06:13-07:00,2,75
index.html,13,html,6e54740e,yaqubmir3,2026-04-23,21:06:13,-07:00,2026-04-23T21:06:13-07:00,2,73
index.html,14,html,6e54740e,yaqubmir3,2026-04-23,21:06:13,-07:00,2026-04-23T21:06:13-07:00,2,22
index.html,15,html,6e54740e,yaqubmir3,2026-04-23,21:06:13,-07:00,2026-04-23T21:06:13-07:00,4,7
index.html,16,html,6e54740e,yaqubmir3,2026-04-23,21:06:13,-07:00,2026-04-23T21:06:13-07:00,6,30
index.html,17,html,41a3443f,yaqubmir3,2026-04-09,22:58:34,-07:00,2026-04-09T22:58:34-07:00,0,0
index.html,18,html,6e54740e,yaqubmir3,2026-04-23,21:06:13,-07:00,2026-04-23T21:06:13-07:00,6,33
index.html,19,html,6e54740e,yaqubmir3,2026-04-23,21:06:13,-07:00,2026-04-23T21:06:13-07:00,8,18
index.html,20,html,6e54740e,yaqubmir3,2026-04-23,21:06:13,-07:00,2026-04-23T21:06:13-07:00,6,4
index.html,21,html,6e54740e,yaqubmir3,2026-04-23,21:06:13,-07:00,2026-04-23T21:06:13-07:00,4,8
index.html,22,html,6e54740e,yaqubmir3,2026-04-23,21:06:13,-07:00,2026-04-23T21:06:13-07:00,2,4
index.html,23,html,6e54740e,yaqubmir3,2026-04-23,21:06:13,-07:00,2026-04-23T21:06:13-07:00,2,43
index.html,24,html,6e54740e,yaqubmir3,2026-04-23,21:06:13,-07:00,2026-04-23T21:06:13-07:00,2,22
index.html,25,html,6e54740e,yaqubmir3,2026-04-23,21:06:13,-07:00,2026-04-23T21:06:13-07:00,2,26
index.html,26,html,6e54740e,yaqubmir3,2026-04-23,21:06:13,-07:00,2026-04-23T21:06:13-07:00,2,45
index.html,27,html,6e54740e,yaqubmir3,2026-04-23,21:06:13,-07:00,2026-04-23T21:06:13-07:00,2,50
index.html,28,html,fed39bab,yaqubmir3,2026-04-04,16:09:51,-07:00,2026-04-04T16:09:51-07:00,0,5
index.html,29,html,41a3443f,yaqubmir3,2026-04-09,22:58:34,-07:00,2026-04-09T22:58:34-07:00,0,5
global.js,1,js,98781bb8,yaqubmir3,2026-04-16,18:59:22,-07:00,2026-04-16T18:59:22-07:00,0,0
global.js,2,js,98781bb8,yaqubmir3,2026-04-16,18:59:22,-07:00,2026-04-16T18:59:22-07:00,0,0
global.js,3,js,98781bb8,yaqubmir3,2026-04-16,18:59:22,-07:00,2026-04-16T18:59:22-07:00,0,13
global.js,4,js,98781bb8,yaqubmir3,2026-04-16,18:59:22,-07:00,2026-04-16T18:59:22-07:00,1,25
global.js,5,js,98781bb8,yaqubmir3,2026-04-16,18:59:22,-07:00,2026-04-16T18:59:22-07:00,1,38
global.js,6,js,98781bb8,yaqubmir3,2026-04-16,18:59:22,-07:00,2026-04-16T18:59:22-07:00,1,36
global.js,7,js,98781bb8,yaqubmir3,2026-04-16,18:59:22,-07:00,2026-04-16T18:59:22-07:00,1,26
global.js,8,js,98781bb8,yaqubmir3,2026-04-16,18:59:22,-07:00,2026-04-16T18:59:22-07:00,1,54
global.js,9,js,98781bb8,yaqubmir3,2026-04-16,18:59:22,-07:00,2026-04-16T18:59:22-07:00,0,0
global.js,10,js,98781bb8,yaqubmir3,2026-04-16,18:59:22,-07:00,2026-04-16T18:59:22-07:00,0,0
global.js,11,js,98781bb8,yaqubmir3,2026-04-16,18:59:22,-07:00,2026-04-16T18:59:22-07:00,0,88
global.js,12,js,98781bb8,yaqubmir3,2026-04-16,18:59:22,-07:00,2026-04-16T18:59:22-07:00,1,3
global.js,13,js,98781bb8,yaqubmir3,2026-04-16,18:59:22,-07:00,2026-04-16T18:59:22-07:00,1,14
global.js,14,js,98781bb8,yaqubmir3,2026-04-16,18:59:22,-07:00,2026-04-16T18:59:22-07:00,0,0
global.js,15,js,98781bb8,yaqubmir3,2026-04-16,18:59:22,-07:00,2026-04-16T18:59:22-07:00,0,40
global.js,16,js,98781bb8,yaqubmir3,2026-04-16,18:59:22,-07:00,2026-04-16T18:59:22-07:00,0,25
global.js,17,js,98781bb8,yaqubmir3,2026-04-16,18:59:22,-07:00,2026-04-16T18:59:22-07:00,0,0
global.js,18,js,98781bb8,yaqubmir3,2026-04-16,18:59:22,-07:00,2026-04-16T18:59:22-07:00,0,20
global.js,19,js,98781bb8,yaqubmir3,2026-04-16,18:59:22,-07:00,2026-04-16T18:59:22-07:00,1,14
global.js,20,js,98781bb8,yaqubmir3,2026-04-16,18:59:22,-07:00,2026-04-16T18:59:22-07:00,1,52
global.js,21,js,98781bb8,yaqubmir3,2026-04-16,18:59:22,-07:00,2026-04-16T18:59:22-07:00,1,34
global.js,22,js,98781bb8,yaqubmir3,2026-04-16,18:59:22,-07:00,2026-04-16T18:59:22-07:00,1,11
global.js,23,js,98781bb8,yaqubmir3,2026-04-16,18:59:22,-07:00,2026-04-16T18:59:22-07:00,1,22
global.js,24,js,98781bb8,yaqubmir3,2026-04-16,18:59:22,-07:00,2026-04-16T18:59:22-07:00,1,17
global.js,25,js,98781bb8,yaqubmir3,2026-04-16,18:59:22,-07:00,2026-04-16T18:59:22-07:00,2,8
global.js,26,js,98781bb8,yaqubmir3,2026-04-16,18:59:22,-07:00,2026-04-16T18:59:22-07:00,2,58
global.js,27,js,98781bb8,yaqubmir3,2026-04-16,18:59:22,-07:00,2026-04-16T18:59:22-07:00,1,0
global.js,28,js,98781bb8,yaqubmir3,2026-04-16,18:59:22,-07:00,2026-04-16T18:59:22-07:00,1,48
global.js,29,js,98781bb8,yaqubmir3,2026-04-16,18:59:22,-07:00,2026-04-16T18:59:22-07:00,1,12
global.js,30,js,3a630bed,yaqubmir3,2026-04-16,19:17:14,-07:00,2026-04-16T19:17:14-07:00,0,0
global.js,31,js,3a630bed,yaqubmir3,2026-04-16,19:17:14,-07:00,2026-04-16T19:17:14-07:00,0,0
global.js,32,js,3a630bed,yaqubmir3,2026-04-16,19:17:14,-07:00,2026-04-16T19:17:14-07:00,0,28
global.js,33,js,3a630bed,yaqubmir3,2026-04-16,19:17:14,-07:00,2026-04-16T19:17:14-07:00,0,0
global.js,34,js,3a630bed,yaqubmir3,2026-04-16,19:17:14,-07:00,2026-04-16T19:17:14-07:00,0,43
global.js,35,js,3a630bed,yaqubmir3,2026-04-16,19:17:14,-07:00,2026-04-16T19:17:14-07:00,0,55
global.js,36,js,3a630bed,yaqubmir3,2026-04-16,19:17:14,-07:00,2026-04-16T19:17:14-07:00,0,42
global.js,37,js,3a630bed,yaqubmir3,2026-04-16,19:17:14,-07:00,2026-04-16T19:17:14-07:00,0,34
global.js,38,js,3a630bed,yaqubmir3,2026-04-16,19:17:14,-07:00,2026-04-16T19:17:14-07:00,1,6
global.js,39,js,3a630bed,yaqubmir3,2026-04-16,19:17:14,-07:00,2026-04-16T19:17:14-07:00,2,43
global.js,40,js,3a630bed,yaqubmir3,2026-04-16,19:17:14,-07:00,2026-04-16T19:17:14-07:00,2,34
global.js,41,js,3a630bed,yaqubmir3,2026-04-16,19:17:14,-07:00,2026-04-16T19:17:14-07:00,2,32
global.js,42,js,3a630bed,yaqubmir3,2026-04-16,19:17:14,-07:00,2026-04-16T19:17:14-07:00,1,9
global.js,43,js,3a630bed,yaqubmir3,2026-04-16,19:17:14,-07:00,2026-04-16T19:17:14-07:00,0,66
global.js,44,js,3a630bed,yaqubmir3,2026-04-16,19:17:14,-07:00,2026-04-16T19:17:14-07:00,0,0
global.js,45,js,3a630bed,yaqubmir3,2026-04-16,19:17:14,-07:00,2026-04-16T19:17:14-07:00,0,54
global.js,46,js,3a630bed,yaqubmir3,2026-04-16,19:17:14,-07:00,2026-04-16T19:17:14-07:00,0,0
global.js,47,js,3a630bed,yaqubmir3,2026-04-16,19:17:14,-07:00,2026-04-16T19:17:14-07:00,0,31
global.js,48,js,3a630bed,yaqubmir3,2026-04-16,19:17:14,-07:00,2026-04-16T19:17:14-07:00,1,65
global.js,49,js,3a630bed,yaqubmir3,2026-04-16,19:17:14,-07:00,2026-04-16T19:17:14-07:00,1,20
global.js,50,js,3a630bed,yaqubmir3,2026-04-16,19:17:14,-07:00,2026-04-16T19:17:14-07:00,0,0
global.js,51,js,3a630bed,yaqubmir3,2026-04-16,19:17:14,-07:00,2026-04-16T19:17:14-07:00,0,0
global.js,52,js,3a630bed,yaqubmir3,2026-04-16,19:17:14,-07:00,2026-04-16T19:17:14-07:00,0,22
global.js,53,js,3a630bed,yaqubmir3,2026-04-16,19:17:14,-07:00,2026-04-16T19:17:14-07:00,0,34
global.js,54,js,3a630bed,yaqubmir3,2026-04-16,19:17:14,-07:00,2026-04-16T19:17:14-07:00,1,39
global.js,55,js,3a630bed,yaqubmir3,2026-04-16,19:17:14,-07:00,2026-04-16T19:17:14-07:00,0,6
global.js,56,js,3a630bed,yaqubmir3,2026-04-16,19:17:14,-07:00,2026-04-16T19:17:14-07:00,1,27
global.js,57,js,3a630bed,yaqubmir3,2026-04-16,19:17:14,-07:00,2026-04-16T19:17:14-07:00,0,0
global.js,58,js,3a630bed,yaqubmir3,2026-04-16,19:17:14,-07:00,2026-04-16T19:17:14-07:00,0,0
global.js,59,js,3a630bed,yaqubmir3,2026-04-16,19:17:14,-07:00,2026-04-16T19:17:14-07:00,0,49
global.js,60,js,3a630bed,yaqubmir3,2026-04-16,19:17:14,-07:00,2026-04-16T19:17:14-07:00,1,33
global.js,61,js,3a630bed,yaqubmir3,2026-04-16,19:17:14,-07:00,2026-04-16T19:17:14-07:00,1,44
global.js,62,js,3a630bed,yaqubmir3,2026-04-16,19:17:14,-07:00,2026-04-16T19:17:14-07:00,0,1
global.js,63,js,3a630bed,yaqubmir3,2026-04-16,19:17:14,-07:00,2026-04-16T19:17:14-07:00,0,0
global.js,64,js,6e54740e,yaqubmir3,2026-04-23,21:06:13,-07:00,2026-04-23T21:06:13-07:00,0,11
global.js,65,js,6e54740e,yaqubmir3,2026-04-23,21:06:13,-07:00,2026-04-23T21:06:13-07:00,0,0
global.js,66,js,6e54740e,yaqubmir3,2026-04-23,21:06:13,-07:00,2026-04-23T21:06:13-07:00,0,36
global.js,67,js,6e54740e,yaqubmir3,2026-04-23,21:06:13,-07:00,2026-04-23T21:06:13-07:00,1,3
global.js,68,js,6e54740e,yaqubmir3,2026-04-23,21:06:13,-07:00,2026-04-23T21:06:13-07:00,2,32
global.js,69,js,6e54740e,yaqubmir3,2026-04-23,21:06:13,-07:00,2026-04-23T21:06:13-07:00,2,17
global.js,70,js,6e54740e,yaqubmir3,2026-04-23,21:06:13,-07:00,2026-04-23T21:06:13-07:00,3,66
global.js,71,js,6e54740e,yaqubmir3,2026-04-23,21:06:13,-07:00,2026-04-23T21:06:13-07:00,2,0
global.js,72,js,6e54740e,yaqubmir3,2026-04-23,21:06:13,-07:00,2026-04-23T21:06:13-07:00,2,33
global.js,73,js,6e54740e,yaqubmir3,2026-04-23,21:06:13,-07:00,2026-04-23T21:06:13-07:00,2,10
global.js,74,js,6e54740e,yaqubmir3,2026-04-23,21:06:13,-07:00,2026-04-23T21:06:13-07:00,1,15
global.js,75,js,6e54740e,yaqubmir3,2026-04-23,21:06:13,-07:00,2026-04-23T21:06:13-07:00,2,59
global.js,76,js,6e54740e,yaqubmir3,2026-04-23,21:06:13,-07:00,2026-04-23T21:06:13-07:00,2,8
global.js,77,js,6e54740e,yaqubmir3,2026-04-23,21:06:13,-07:00,2026-04-23T21:06:13-07:00,1,0
global.js,78,js,6e54740e,yaqubmir3,2026-04-23,21:06:13,-07:00,2026-04-23T21:06:13-07:00,0,0
global.js,79,js,6e54740e,yaqubmir3,2026-04-23,21:06:13,-07:00,2026-04-23T21:06:13-07:00,0,0
global.js,80,js,6e54740e,yaqubmir3,2026-04-23,21:06:13,-07:00,2026-04-23T21:06:13-07:00,0,79
global.js,81,js,6e54740e,yaqubmir3,2026-04-23,21:06:13,-07:00,2026-04-23T21:06:13-07:00,1,22
global.js,82,js,6e54740e,yaqubmir3,2026-04-23,21:06:13,-07:00,2026-04-23T21:06:13-07:00,2,65
global.js,83,js,6e54740e,yaqubmir3,2026-04-23,21:06:13,-07:00,2026-04-23T21:06:13-07:00,2,5
global.js,84,js,6e54740e,yaqubmir3,2026-04-23,21:06:13,-07:00,2026-04-23T21:06:13-07:00,1,0
global.js,85,js,6e54740e,yaqubmir3,2026-04-23,21:06:13,-07:00,2026-04-23T21:06:13-07:00,1,30
global.js,86,js,6e54740e,yaqubmir3,2026-04-23,21:06:13,-07:00,2026-04-23T21:06:13-07:00,1,54
global.js,87,js,6e54740e,yaqubmir3,2026-04-23,21:06:13,-07:00,2026-04-23T21:06:13-07:00,2,60
global.js,88,js,6e54740e,yaqubmir3,2026-04-23,21:06:13,-07:00,2026-04-23T21:06:13-07:00,2,5
global.js,89,js,6e54740e,yaqubmir3,2026-04-23,21:06:13,-07:00,2026-04-23T21:06:13-07:00,1,0
global.js,90,js,6e54740e,yaqubmir3,2026-04-23,21:06:13,-07:00,2026-04-23T21:06:13-07:00,1,31
global.js,91,js,6e54740e,yaqubmir3,2026-04-23,21:06:13,-07:00,2026-04-23T21:06:13-07:00,2,48
global.js,92,js,6e54740e,yaqubmir3,2026-04-23,21:06:13,-07:00,2026-04-23T21:06:13-07:00,2,19
global.js,93,js,6e54740e,yaqubmir3,2026-04-23,21:06:13,-07:00,2026-04-23T21:06:13-07:00,3,71
global.js,94,js,6e54740e,yaqubmir3,2026-04-23,21:06:13,-07:00,2026-04-23T21:06:13-07:00,3,121
global.js,95,js,2e375d5e,yaqubmir3,2026-04-30,11:39:12,-07:00,2026-04-30T11:39:12-07:00,3,3
global.js,96,js,2e375d5e,yaqubmir3,2026-04-30,11:39:12,-07:00,2026-04-30T11:39:12-07:00,4,33
global.js,97,js,2e375d5e,yaqubmir3,2026-04-30,11:39:12,-07:00,2026-04-30T11:39:12-07:00,4,47
global.js,98,js,2e375d5e,yaqubmir3,2026-04-30,11:39:12,-07:00,2026-04-30T11:39:12-07:00,3,4
global.js,99,js,6e54740e,yaqubmir3,2026-04-23,21:06:13,-07:00,2026-04-23T21:06:13-07:00,2,0
global.js,100,js,6e54740e,yaqubmir3,2026-04-23,21:06:13,-07:00,2026-04-23T21:06:13-07:00,2,36
global.js,101,js,6e54740e,yaqubmir3,2026-04-23,21:06:13,-07:00,2026-04-23T21:06:13-07:00,1,0
global.js,102,js,6e54740e,yaqubmir3,2026-04-23,21:06:13,-07:00,2026-04-23T21:06:13-07:00,0,0
global.js,103,js,6e54740e,yaqubmir3,2026-04-23,21:06:13,-07:00,2026-04-23T21:06:13-07:00,0,0
global.js,104,js,6e54740e,yaqubmir3,2026-04-23,21:06:13,-07:00,2026-04-23T21:06:13-07:00,0,0
global.js,105,js,6e54740e,yaqubmir3,2026-04-23,21:06:13,-07:00,2026-04-23T21:06:13-07:00,0,47
global.js,106,js,6e54740e,yaqubmir3,2026-04-23,21:06:13,-07:00,2026-04-23T21:06:13-07:00,1,22
global.js,107,js,6e54740e,yaqubmir3,2026-04-23,21:06:13,-07:00,2026-04-23T21:06:13-07:00,1,59
global.js,108,js,6e54740e,yaqubmir3,2026-04-23,21:06:13,-07:00,2026-04-23T21:06:13-07:00,0,0
projects/projects.js,1,js,6e54740e,yaqubmir3,2026-04-23,21:06:13,-07:00,2026-04-23T21:06:13-07:00,0,55
projects/projects.js,2,js,2e375d5e,yaqubmir3,2026-04-30,11:39:12,-07:00,2026-04-30T11:39:12-07:00,0,63
projects/projects.js,3,js,6e54740e,yaqubmir3,2026-04-23,21:06:13,-07:00,2026-04-23T21:06:13-07:00,0,0
projects/projects.js,4,js,6e54740e,yaqubmir3,2026-04-23,21:06:13,-07:00,2026-04-23T21:06:13-07:00,0,55
projects/projects.js,5,js,6e54740e,yaqubmir3,2026-04-23,21:06:13,-07:00,2026-04-23T21:06:13-07:00,0,60
projects/projects.js,6,js,2e375d5e,yaqubmir3,2026-04-30,11:39:12,-07:00,2026-04-30T11:39:12-07:00,0,0
projects/projects.js,7,js,2e375d5e,yaqubmir3,2026-04-30,11:39:12,-07:00,2026-04-30T11:39:12-07:00,0,13
projects/projects.js,8,js,2e375d5e,yaqubmir3,2026-04-30,11:39:12,-07:00,2026-04-30T11:39:12-07:00,0,21
projects/projects.js,9,js,2e375d5e,yaqubmir3,2026-04-30,11:39:12,-07:00,2026-04-30T11:39:12-07:00,0,53
projects/projects.js,10,js,2e375d5e,yaqubmir3,2026-04-30,11:39:12,-07:00,2026-04-30T11:39:12-07:00,0,0
projects/projects.js,11,js,2e375d5e,yaqubmir3,2026-04-30,11:39:12,-07:00,2026-04-30T11:39:12-07:00,0,57
projects/projects.js,12,js,2e375d5e,yaqubmir3,2026-04-30,11:39:12,-07:00,2026-04-30T11:39:12-07:00,0,47
projects/projects.js,13,js,2e375d5e,yaqubmir3,2026-04-30,11:39:12,-07:00,2026-04-30T11:39:12-07:00,0,0
projects/projects.js,14,js,2e375d5e,yaqubmir3,2026-04-30,11:39:12,-07:00,2026-04-30T11:39:12-07:00,0,38
projects/projects.js,15,js,2e375d5e,yaqubmir3,2026-04-30,11:39:12,-07:00,2026-04-30T11:39:12-07:00,1,29
projects/projects.js,16,js,2e375d5e,yaqubmir3,2026-04-30,11:39:12,-07:00,2026-04-30T11:39:12-07:00,2,12
projects/projects.js,17,js,2e375d5e,yaqubmir3,2026-04-30,11:39:12,-07:00,2026-04-30T11:39:12-07:00,2,14
projects/projects.js,18,js,2e375d5e,yaqubmir3,2026-04-30,11:39:12,-07:00,2026-04-30T11:39:12-07:00,2,12
projects/projects.js,19,js,2e375d5e,yaqubmir3,2026-04-30,11:39:12,-07:00,2026-04-30T11:39:12-07:00,1,0
projects/projects.js,20,js,2e375d5e,yaqubmir3,2026-04-30,11:39:12,-07:00,2026-04-30T11:39:12-07:00,0,0
projects/projects.js,21,js,2e375d5e,yaqubmir3,2026-04-30,11:39:12,-07:00,2026-04-30T11:39:12-07:00,1,50
projects/projects.js,22,js,2e375d5e,yaqubmir3,2026-04-30,11:39:12,-07:00,2026-04-30T11:39:12-07:00,2,35
projects/projects.js,23,js,2e375d5e,yaqubmir3,2026-04-30,11:39:12,-07:00,2026-04-30T11:39:12-07:00,1,1
projects/projects.js,24,js,2e375d5e,yaqubmir3,2026-04-30,11:39:12,-07:00,2026-04-30T11:39:12-07:00,0,0
projects/projects.js,25,js,2e375d5e,yaqubmir3,2026-04-30,11:39:12,-07:00,2026-04-30T11:39:12-07:00,1,53
projects/projects.js,26,js,2e375d5e,yaqubmir3,2026-04-30,11:39:12,-07:00,2026-04-30T11:39:12-07:00,1,42
projects/projects.js,27,js,2e375d5e,yaqubmir3,2026-04-30,11:39:12,-07:00,2026-04-30T11:39:12-07:00,1,51
projects/projects.js,28,js,2e375d5e,yaqubmir3,2026-04-30,11:39:12,-07:00,2026-04-30T11:39:12-07:00,0,0
projects/projects.js,29,js,2e375d5e,yaqubmir3,2026-04-30,11:39:12,-07:00,2026-04-30T11:39:12-07:00,1,25
projects/projects.js,30,js,2e375d5e,yaqubmir3,2026-04-30,11:39:12,-07:00,2026-04-30T11:39:12-07:00,1,29
projects/projects.js,31,js,2e375d5e,yaqubmir3,2026-04-30,11:39:12,-07:00,2026-04-30T11:39:12-07:00,0,0
projects/projects.js,32,js,2e375d5e,yaqubmir3,2026-04-30,11:39:12,-07:00,2026-04-30T11:39:12-07:00,1,32
projects/projects.js,33,js,2e375d5e,yaqubmir3,2026-04-30,11:39:12,-07:00,2026-04-30T11:39:12-07:00,1,30
projects/projects.js,34,js,2e375d5e,yaqubmir3,2026-04-30,11:39:12,-07:00,2026-04-30T11:39:12-07:00,0,0
projects/projects.js,35,js,2e375d5e,yaqubmir3,2026-04-30,11:39:12,-07:00,2026-04-30T11:39:12-07:00,1,27
projects/projects.js,36,js,2e375d5e,yaqubmir3,2026-04-30,11:39:12,-07:00,2026-04-30T11:39:12-07:00,2,1
projects/projects.js,37,js,2e375d5e,yaqubmir3,2026-04-30,11:39:12,-07:00,2026-04-30T11:39:12-07:00,3,13
projects/projects.js,38,js,2e375d5e,yaqubmir3,2026-04-30,11:39:12,-07:00,2026-04-30T11:39:12-07:00,3,13
projects/projects.js,39,js,2e375d5e,yaqubmir3,2026-04-30,11:39:12,-07:00,2026-04-30T11:39:12-07:00,3,22
projects/projects.js,40,js,2e375d5e,yaqubmir3,2026-04-30,11:39:12,-07:00,2026-04-30T11:39:12-07:00,3,51
projects/projects.js,41,js,2e375d5e,yaqubmir3,2026-04-30,11:39:12,-07:00,2026-04-30T11:39:12-07:00,3,18
projects/projects.js,42,js,2e375d5e,yaqubmir3,2026-04-30,11:39:12,-07:00,2026-04-30T11:39:12-07:00,4,43
projects/projects.js,43,js,2e375d5e,yaqubmir3,2026-04-30,11:39:12,-07:00,2026-04-30T11:39:12-07:00,0,0
projects/projects.js,44,js,2e375d5e,yaqubmir3,2026-04-30,11:39:12,-07:00,2026-04-30T11:39:12-07:00,4,1
projects/projects.js,45,js,2e375d5e,yaqubmir3,2026-04-30,11:39:12,-07:00,2026-04-30T11:39:12-07:00,5,16
projects/projects.js,46,js,2e375d5e,yaqubmir3,2026-04-30,11:39:12,-07:00,2026-04-30T11:39:12-07:00,5,66
projects/projects.js,47,js,2e375d5e,yaqubmir3,2026-04-30,11:39:12,-07:00,2026-04-30T11:39:12-07:00,0,0
projects/projects.js,48,js,2e375d5e,yaqubmir3,2026-04-30,11:39:12,-07:00,2026-04-30T11:39:12-07:00,4,4
projects/projects.js,49,js,2e375d5e,yaqubmir3,2026-04-30,11:39:12,-07:00,2026-04-30T11:39:12-07:00,5,14
projects/projects.js,50,js,2e375d5e,yaqubmir3,2026-04-30,11:39:12,-07:00,2026-04-30T11:39:12-07:00,5,89
projects/projects.js,51,js,2e375d5e,yaqubmir3,2026-04-30,11:39:12,-07:00,2026-04-30T11:39:12-07:00,0,0
projects/projects.js,52,js,2e375d5e,yaqubmir3,2026-04-30,11:39:12,-07:00,2026-04-30T11:39:12-07:00,4,51
projects/projects.js,53,js,2e375d5e,yaqubmir3,2026-04-30,11:39:12,-07:00,2026-04-30T11:39:12-07:00,5,59
projects/projects.js,54,js,2e375d5e,yaqubmir3,2026-04-30,11:39:12,-07:00,2026-04-30T11:39:12-07:00,5,42
projects/projects.js,55,js,2e375d5e,yaqubmir3,2026-04-30,11:39:12,-07:00,2026-04-30T11:39:12-07:00,4,1
projects/projects.js,56,js,2e375d5e,yaqubmir3,2026-04-30,11:39:12,-07:00,2026-04-30T11:39:12-07:00,0,0
projects/projects.js,57,js,2e375d5e,yaqubmir3,2026-04-30,11:39:12,-07:00,2026-04-30T11:39:12-07:00,4,25
projects/projects.js,58,js,2e375d5e,yaqubmir3,2026-04-30,11:39:12,-07:00,2026-04-30T11:39:12-07:00,5,56
projects/projects.js,59,js,2e375d5e,yaqubmir3,2026-04-30,11:39:12,-07:00,2026-04-30T11:39:12-07:00,4,6
projects/projects.js,60,js,2e375d5e,yaqubmir3,2026-04-30,11:39:12,-07:00,2026-04-30T11:39:12-07:00,5,46
projects/projects.js,61,js,2e375d5e,yaqubmir3,2026-04-30,11:39:12,-07:00,2026-04-30T11:39:12-07:00,5,89
projects/projects.js,62,js,2e375d5e,yaqubmir3,2026-04-30,11:39:12,-07:00,2026-04-30T11:39:12-07:00,5,56
projects/projects.js,63,js,2e375d5e,yaqubmir3,2026-04-30,11:39:12,-07:00,2026-04-30T11:39:12-07:00,4,0
projects/projects.js,64,js,2e375d5e,yaqubmir3,2026-04-30,11:39:12,-07:00,2026-04-30T11:39:12-07:00,3,1
projects/projects.js,65,js,2e375d5e,yaqubmir3,2026-04-30,11:39:12,-07:00,2026-04-30T11:39:12-07:00,1,1
projects/projects.js,66,js,2e375d5e,yaqubmir3,2026-04-30,11:39:12,-07:00,2026-04-30T11:39:12-07:00,0,0
projects/projects.js,67,js,2e375d5e,yaqubmir3,2026-04-30,11:39:12,-07:00,2026-04-30T11:39:12-07:00,1,25
projects/projects.js,68,js,2e375d5e,yaqubmir3,2026-04-30,11:39:12,-07:00,2026-04-30T11:39:12-07:00,2,4
projects/projects.js,69,js,2e375d5e,yaqubmir3,2026-04-30,11:39:12,-07:00,2026-04-30T11:39:12-07:00,3,11
projects/projects.js,70,js,2e375d5e,yaqubmir3,2026-04-30,11:39:12,-07:00,2026-04-30T11:39:12-07:00,3,36
projects/projects.js,71,js,2e375d5e,yaqubmir3,2026-04-30,11:39:12,-07:00,2026-04-30T11:39:12-07:00,3,74
projects/projects.js,72,js,2e375d5e,yaqubmir3,2026-04-30,11:39:12,-07:00,2026-04-30T11:39:12-07:00,3,69
projects/projects.js,73,js,2e375d5e,yaqubmir3,2026-04-30,11:39:12,-07:00,2026-04-30T11:39:12-07:00,1,1
projects/projects.js,74,js,2e375d5e,yaqubmir3,2026-04-30,11:39:12,-07:00,2026-04-30T11:39:12-07:00,0,0
projects/projects.js,75,js,2e375d5e,yaqubmir3,2026-04-30,11:39:12,-07:00,2026-04-30T11:39:12-07:00,0,0
projects/projects.js,76,js,2e375d5e,yaqubmir3,2026-04-30,11:39:12,-07:00,2026-04-30T11:39:12-07:00,0,48
projects/projects.js,77,js,2e375d5e,yaqubmir3,2026-04-30,11:39:12,-07:00,2026-04-30T11:39:12-07:00,0,23
projects/projects.js,78,js,2e375d5e,yaqubmir3,2026-04-30,11:39:12,-07:00,2026-04-30T11:39:12-07:00,0,0
projects/projects.js,79,js,2e375d5e,yaqubmir3,2026-04-30,11:39:12,-07:00,2026-04-30T11:39:12-07:00,0,48
projects/projects.js,80,js,2e375d5e,yaqubmir3,2026-04-30,11:39:12,-07:00,2026-04-30T11:39:12-07:00,1,25
projects/projects.js,81,js,2e375d5e,yaqubmir3,2026-04-30,11:39:12,-07:00,2026-04-30T11:39:12-07:00,1,51
projects/projects.js,82,js,2e375d5e,yaqubmir3,2026-04-30,11:39:12,-07:00,2026-04-30T11:39:12-07:00,2,59
projects/projects.js,83,js,2e375d5e,yaqubmir3,2026-04-30,11:39:12,-07:00,2026-04-30T11:39:12-07:00,2,42
projects/projects.js,84,js,2e375d5e,yaqubmir3,2026-04-30,11:39:12,-07:00,2026-04-30T11:39:12-07:00,1,1
projects/projects.js,85,js,2e375d5e,yaqubmir3,2026-04-30,11:39:12,-07:00,2026-04-30T11:39:12-07:00,1,17
projects/projects.js,86,js,2e375d5e,yaqubmir3,2026-04-30,11:39:12,-07:00,2026-04-30T11:39:12-07:00,1,56
projects/projects.js,87,js,2e375d5e,yaqubmir3,2026-04-30,11:39:12,-07:00,2026-04-30T11:39:12-07:00,1,31
projects/projects.js,88,js,2e375d5e,yaqubmir3,2026-04-30,11:39:12,-07:00,2026-04-30T11:39:12-07:00,0,1
projects/index.html,1,html,d2870e2d,yaqubmir3,2026-04-04,16:40:16,-07:00,2026-04-04T16:40:16-07:00,0,13
projects/index.html,2,html,d2870e2d,yaqubmir3,2026-04-04,16:40:16,-07:00,2026-04-04T16:40:16-07:00,0,14
projects/index.html,3,html,d2870e2d,yaqubmir3,2026-04-04,16:40:16,-07:00,2026-04-04T16:40:16-07:00,0,4
projects/index.html,4,html,41a3443f,yaqubmir3,2026-04-09,22:58:34,-07:00,2026-04-09T22:58:34-07:00,2,41
projects/index.html,5,html,d2870e2d,yaqubmir3,2026-04-04,16:40:16,-07:00,2026-04-04T16:40:16-07:00,2,20
projects/index.html,6,html,d2870e2d,yaqubmir3,2026-04-04,16:40:16,-07:00,2026-04-04T16:40:16-07:00,2,68
projects/index.html,7,html,41a3443f,yaqubmir3,2026-04-09,22:58:34,-07:00,2026-04-09T22:58:34-07:00,2,21
projects/index.html,8,html,d2870e2d,yaqubmir3,2026-04-04,16:40:16,-07:00,2026-04-04T16:40:16-07:00,0,5
projects/index.html,9,html,19bd0b1f,yaqubmir3,2026-04-10,11:06:52,-07:00,2026-04-10T11:06:52-07:00,0,0
projects/index.html,10,html,d2870e2d,yaqubmir3,2026-04-04,16:40:16,-07:00,2026-04-04T16:40:16-07:00,0,4
projects/index.html,11,html,2e375d5e,yaqubmir3,2026-04-30,11:39:12,-07:00,2026-04-30T11:39:12-07:00,2,38
projects/index.html,12,html,2e375d5e,yaqubmir3,2026-04-30,11:39:12,-07:00,2026-04-30T11:39:12-07:00,2,21
projects/index.html,13,html,2e375d5e,yaqubmir3,2026-04-30,11:39:12,-07:00,2026-04-30T11:39:12-07:00,4,58
projects/index.html,14,html,2e375d5e,yaqubmir3,2026-04-30,11:39:12,-07:00,2026-04-30T11:39:12-07:00,4,22
projects/index.html,15,html,2e375d5e,yaqubmir3,2026-04-30,11:39:12,-07:00,2026-04-30T11:39:12-07:00,2,4
projects/index.html,16,html,2e375d5e,yaqubmir3,2026-04-30,11:39:12,-07:00,2026-04-30T11:39:12-07:00,2,4
projects/index.html,17,html,2e375d5e,yaqubmir3,2026-04-30,11:39:12,-07:00,2026-04-30T11:39:12-07:00,3,15
projects/index.html,18,html,2e375d5e,yaqubmir3,2026-04-30,11:39:12,-07:00,2026-04-30T11:39:12-07:00,3,11
projects/index.html,19,html,2e375d5e,yaqubmir3,2026-04-30,11:39:12,-07:00,2026-04-30T11:39:12-07:00,3,26
projects/index.html,20,html,2e375d5e,yaqubmir3,2026-04-30,11:39:12,-07:00,2026-04-30T11:39:12-07:00,3,31
projects/index.html,21,html,2e375d5e,yaqubmir3,2026-04-30,11:39:12,-07:00,2026-04-30T11:39:12-07:00,2,0
projects/index.html,22,html,2e375d5e,yaqubmir3,2026-04-30,11:39:12,-07:00,2026-04-30T11:39:12-07:00,2,20
projects/index.html,23,html,2e375d5e,yaqubmir3,2026-04-30,11:39:12,-07:00,2026-04-30T11:39:12-07:00,4,48
projects/index.html,24,html,2e375d5e,yaqubmir3,2026-04-30,11:39:12,-07:00,2026-04-30T11:39:12-07:00,4,47
projects/index.html,25,html,2e375d5e,yaqubmir3,2026-04-30,11:39:12,-07:00,2026-04-30T11:39:12-07:00,2,4
projects/index.html,26,html,d2870e2d,yaqubmir3,2026-04-04,16:40:16,-07:00,2026-04-04T16:40:16-07:00,0,5
projects/index.html,27,html,2e375d5e,yaqubmir3,2026-04-30,11:39:12,-07:00,2026-04-30T11:39:12-07:00,0,5
cv/index.html,1,html,b8c0a2eb,yaqubmir3,2026-04-04,17:02:05,-07:00,2026-04-04T17:02:05-07:00,0,13
cv/index.html,2,html,b8c0a2eb,yaqubmir3,2026-04-04,17:02:05,-07:00,2026-04-04T17:02:05-07:00,0,14
cv/index.html,3,html,b8c0a2eb,yaqubmir3,2026-04-04,17:02:05,-07:00,2026-04-04T17:02:05-07:00,0,4
cv/index.html,4,html,41a3443f,yaqubmir3,2026-04-09,22:58:34,-07:00,2026-04-09T22:58:34-07:00,2,41
cv/index.html,5,html,b8c0a2eb,yaqubmir3,2026-04-04,17:02:05,-07:00,2026-04-04T17:02:05-07:00,2,20
cv/index.html,6,html,b8c0a2eb,yaqubmir3,2026-04-04,17:02:05,-07:00,2026-04-04T17:02:05-07:00,2,27
cv/index.html,7,html,b8c0a2eb,yaqubmir3,2026-04-04,17:02:05,-07:00,2026-04-04T17:02:05-07:00,0,5
cv/index.html,8,html,c823dd87,yaqubmir3,2026-04-10,10:55:43,-07:00,2026-04-10T10:55:43-07:00,0,0
cv/index.html,9,html,41a3443f,yaqubmir3,2026-04-09,22:58:34,-07:00,2026-04-09T22:58:34-07:00,0,17
cv/index.html,10,html,41a3443f,yaqubmir3,2026-04-09,22:58:34,-07:00,2026-04-09T22:58:34-07:00,0,0
cv/index.html,11,html,98781bb8,yaqubmir3,2026-04-16,18:59:22,-07:00,2026-04-16T18:59:22-07:00,2,0
cv/index.html,12,html,41a3443f,yaqubmir3,2026-04-09,22:58:34,-07:00,2026-04-09T22:58:34-07:00,0,0
cv/index.html,13,html,b8c0a2eb,yaqubmir3,2026-04-04,17:02:05,-07:00,2026-04-04T17:02:05-07:00,2,13
cv/index.html,14,html,b8c0a2eb,yaqubmir3,2026-04-04,17:02:05,-07:00,2026-04-04T17:02:05-07:00,2,7
cv/index.html,15,html,b8c0a2eb,yaqubmir3,2026-04-04,17:02:05,-07:00,2026-04-04T17:02:05-07:00,4,33
cv/index.html,16,html,b8c0a2eb,yaqubmir3,2026-04-04,17:02:05,-07:00,2026-04-04T17:02:05-07:00,4,7
cv/index.html,17,html,41a3443f,yaqubmir3,2026-04-09,22:58:34,-07:00,2026-04-09T22:58:34-07:00,6,40
cv/index.html,18,html,b8c0a2eb,yaqubmir3,2026-04-04,17:02:05,-07:00,2026-04-04T17:02:05-07:00,6,25
cv/index.html,19,html,41a3443f,yaqubmir3,2026-04-09,22:58:34,-07:00,2026-04-09T22:58:34-07:00,6,111
cv/index.html,20,html,b8c0a2eb,yaqubmir3,2026-04-04,17:02:05,-07:00,2026-04-04T17:02:05-07:00,4,8
cv/index.html,21,html,b8c0a2eb,yaqubmir3,2026-04-04,17:02:05,-07:00,2026-04-04T17:02:05-07:00,2,8
cv/index.html,22,html,b8c0a2eb,yaqubmir3,2026-04-04,17:02:05,-07:00,2026-04-04T17:02:05-07:00,2,7
cv/index.html,23,html,b8c0a2eb,yaqubmir3,2026-04-04,17:02:05,-07:00,2026-04-04T17:02:05-07:00,4,34
cv/index.html,24,html,b8c0a2eb,yaqubmir3,2026-04-04,17:02:05,-07:00,2026-04-04T17:02:05-07:00,4,7
cv/index.html,25,html,41a3443f,yaqubmir3,2026-04-09,22:58:34,-07:00,2026-04-09T22:58:34-07:00,6,24
cv/index.html,26,html,b8c0a2eb,yaqubmir3,2026-04-04,17:02:05,-07:00,2026-04-04T17:02:05-07:00,6,32
cv/index.html,27,html,41a3443f,yaqubmir3,2026-04-09,22:58:34,-07:00,2026-04-09T22:58:34-07:00,6,111
cv/index.html,28,html,41a3443f,yaqubmir3,2026-04-09,22:58:34,-07:00,2026-04-09T22:58:34-07:00,6,45
cv/index.html,29,html,b8c0a2eb,yaqubmir3,2026-04-04,17:02:05,-07:00,2026-04-04T17:02:05-07:00,4,8
cv/index.html,30,html,b8c0a2eb,yaqubmir3,2026-04-04,17:02:05,-07:00,2026-04-04T17:02:05-07:00,2,8
cv/index.html,31,html,b8c0a2eb,yaqubmir3,2026-04-04,17:02:05,-07:00,2026-04-04T17:02:05-07:00,2,7
cv/index.html,32,html,b8c0a2eb,yaqubmir3,2026-04-04,17:02:05,-07:00,2026-04-04T17:02:05-07:00,4,30
cv/index.html,33,html,41a3443f,yaqubmir3,2026-04-09,22:58:34,-07:00,2026-04-09T22:58:34-07:00,4,36
cv/index.html,34,html,b8c0a2eb,yaqubmir3,2026-04-04,17:02:05,-07:00,2026-04-04T17:02:05-07:00,2,8
cv/index.html,35,html,b8c0a2eb,yaqubmir3,2026-04-04,17:02:05,-07:00,2026-04-04T17:02:05-07:00,2,7
cv/index.html,36,html,b8c0a2eb,yaqubmir3,2026-04-04,17:02:05,-07:00,2026-04-04T17:02:05-07:00,4,31
cv/index.html,37,html,b8c0a2eb,yaqubmir3,2026-04-04,17:02:05,-07:00,2026-04-04T17:02:05-07:00,4,25
cv/index.html,38,html,b8c0a2eb,yaqubmir3,2026-04-04,17:02:05,-07:00,2026-04-04T17:02:05-07:00,2,8
cv/index.html,39,html,6e54740e,yaqubmir3,2026-04-23,21:06:13,-07:00,2026-04-23T21:06:13-07:00,2,48
cv/index.html,40,html,98781bb8,yaqubmir3,2026-04-16,18:59:22,-07:00,2026-04-16T18:59:22-07:00,0,0
cv/index.html,41,html,b8c0a2eb,yaqubmir3,2026-04-04,17:02:05,-07:00,2026-04-04T17:02:05-07:00,0,5
cv/index.html,42,html,b8c0a2eb,yaqubmir3,2026-04-04,17:02:05,-07:00,2026-04-04T17:02:05-07:00,0,5
contact/index.html,1,html,d2870e2d,yaqubmir3,2026-04-04,16:40:16,-07:00,2026-04-04T16:40:16-07:00,0,13
contact/index.html,2,html,d2870e2d,yaqubmir3,2026-04-04,16:40:16,-07:00,2026-04-04T16:40:16-07:00,0,14
contact/index.html,3,html,41a3443f,yaqubmir3,2026-04-09,22:58:34,-07:00,2026-04-09T22:58:34-07:00,0,0
contact/index.html,4,html,d2870e2d,yaqubmir3,2026-04-04,16:40:16,-07:00,2026-04-04T16:40:16-07:00,0,4
contact/index.html,5,html,41a3443f,yaqubmir3,2026-04-09,22:58:34,-07:00,2026-04-09T22:58:34-07:00,2,41
contact/index.html,6,html,d2870e2d,yaqubmir3,2026-04-04,16:40:16,-07:00,2026-04-04T16:40:16-07:00,2,20
contact/index.html,7,html,d2870e2d,yaqubmir3,2026-04-04,16:40:16,-07:00,2026-04-04T16:40:16-07:00,2,68
contact/index.html,8,html,d2870e2d,yaqubmir3,2026-04-04,16:40:16,-07:00,2026-04-04T16:40:16-07:00,2,32
contact/index.html,9,html,d2870e2d,yaqubmir3,2026-04-04,16:40:16,-07:00,2026-04-04T16:40:16-07:00,0,5
contact/index.html,10,html,41a3443f,yaqubmir3,2026-04-09,22:58:34,-07:00,2026-04-09T22:58:34-07:00,0,0
contact/index.html,11,html,d2870e2d,yaqubmir3,2026-04-04,16:40:16,-07:00,2026-04-04T16:40:16-07:00,0,4
contact/index.html,12,html,d2870e2d,yaqubmir3,2026-04-04,16:40:16,-07:00,2026-04-04T16:40:16-07:00,2,14
contact/index.html,13,html,d2870e2d,yaqubmir3,2026-04-04,16:40:16,-07:00,2026-04-04T16:40:16-07:00,2,69
contact/index.html,14,html,d2870e2d,yaqubmir3,2026-04-04,16:40:16,-07:00,2026-04-04T16:40:16-07:00,2,5
contact/index.html,15,html,d2870e2d,yaqubmir3,2026-04-04,16:40:16,-07:00,2026-04-04T16:40:16-07:00,4,9
contact/index.html,16,html,d2870e2d,yaqubmir3,2026-04-04,16:40:16,-07:00,2026-04-04T16:40:16-07:00,4,40
contact/index.html,17,html,d2870e2d,yaqubmir3,2026-04-04,16:40:16,-07:00,2026-04-04T16:40:16-07:00,2,6
contact/index.html,18,html,d2870e2d,yaqubmir3,2026-04-04,16:40:16,-07:00,2026-04-04T16:40:16-07:00,2,2
contact/index.html,19,html,d2870e2d,yaqubmir3,2026-04-04,16:40:16,-07:00,2026-04-04T16:40:16-07:00,2,5
contact/index.html,20,html,d2870e2d,yaqubmir3,2026-04-04,16:40:16,-07:00,2026-04-04T16:40:16-07:00,4,6
contact/index.html,21,html,d2870e2d,yaqubmir3,2026-04-04,16:40:16,-07:00,2026-04-04T16:40:16-07:00,4,20
contact/index.html,22,html,d2870e2d,yaqubmir3,2026-04-04,16:40:16,-07:00,2026-04-04T16:40:16-07:00,2,6
contact/index.html,23,html,d2870e2d,yaqubmir3,2026-04-04,16:40:16,-07:00,2026-04-04T16:40:16-07:00,2,2
contact/index.html,24,html,d2870e2d,yaqubmir3,2026-04-04,16:40:16,-07:00,2026-04-04T16:40:16-07:00,2,5
contact/index.html,25,html,d2870e2d,yaqubmir3,2026-04-04,16:40:16,-07:00,2026-04-04T16:40:16-07:00,4,6
contact/index.html,26,html,d2870e2d,yaqubmir3,2026-04-04,16:40:16,-07:00,2026-04-04T16:40:16-07:00,4,50
contact/index.html,27,html,d2870e2d,yaqubmir3,2026-04-04,16:40:16,-07:00,2026-04-04T16:40:16-07:00,2,6
contact/index.html,28,html,d2870e2d,yaqubmir3,2026-04-04,16:40:16,-07:00,2026-04-04T16:40:16-07:00,2,2
contact/index.html,29,html,d2870e2d,yaqubmir3,2026-04-04,16:40:16,-07:00,2026-04-04T16:40:16-07:00,2,19
contact/index.html,30,html,98781bb8,yaqubmir3,2026-04-16,18:59:22,-07:00,2026-04-16T18:59:22-07:00,2,5
contact/index.html,31,html,6e54740e,yaqubmir3,2026-04-23,21:06:13,-07:00,2026-04-23T21:06:13-07:00,2,48
contact/index.html,32,html,d2870e2d,yaqubmir3,2026-04-04,16:40:16,-07:00,2026-04-04T16:40:16-07:00,0,5
contact/index.html,33,html,d2870e2d,yaqubmir3,2026-04-04,16:40:16,-07:00,2026-04-04T16:40:16-07:00,0,5
